"CustomerID","Recency","Frequency","Monetary","R_score","F_score","M_score","RFM_Score","Segment"
12346,330,2,0,1,2,1,"121","Lost"
12347,7,7,4310,5,4,5,"545","Champions"
12348,80,4,1797.24,2,3,4,"234","Others"
12349,23,1,1757.55,4,1,4,"414","New Customers"
12350,315,1,334.4,1,1,2,"112","Lost"
12352,41,11,1545.41,3,5,4,"354","Loyal Customers"
12353,209,1,89,1,1,1,"111","Lost"
12354,237,1,1079.4,1,1,4,"114","Lost"
12355,219,1,459.4,1,1,2,"112","Lost"
12356,27,3,2811.43,4,3,5,"435","Loyal Customers"
12357,38,1,6207.67,3,1,5,"315","Others"
12358,6,2,1168.06,5,2,4,"524","New Customers"
12359,12,6,6245.53,5,4,5,"545","Champions"
12360,57,3,2662.06,3,3,5,"335","Loyal Customers"
12361,292,1,189.9,1,1,1,"111","Lost"
12362,8,13,5154.58,5,5,5,"555","Champions"
12363,114,2,552,2,2,3,"223","Lost"
12364,12,4,1313.1,5,3,4,"534","Loyal Customers"
12365,296,3,320.69,1,3,2,"132","Others"
12367,9,1,168.9,5,1,1,"511","New Customers"
12370,56,4,3545.69,3,3,5,"335","Loyal Customers"
12371,49,2,1887.96,3,2,4,"324","Others"
12372,76,3,1298.04,2,3,4,"234","Others"
12373,316,1,364.6,1,1,2,"112","Lost"
12374,30,1,742.93,4,1,3,"413","New Customers"
12375,7,3,455.42,5,3,2,"532","Loyal Customers"
12377,320,2,1628.12,1,2,4,"124","Lost"
12378,134,1,4008.62,2,1,5,"215","Lost"
12379,86,3,850.29,2,3,3,"233","Others"
12380,26,5,2720.56,4,4,5,"445","Champions"
12381,9,6,1803.96,5,4,4,"544","Champions"
12383,189,6,1839.31,1,4,4,"144","At Risk"
12384,33,3,566.16,4,3,3,"433","Loyal Customers"
12386,342,2,401.9,1,2,2,"122","Lost"
12388,20,6,2780.66,4,4,5,"445","Champions"
12390,84,1,549.84,2,1,3,"213","Lost"
12391,26,1,460.89,4,1,2,"412","New Customers"
12393,77,4,1582.6,2,3,4,"234","Others"
12394,68,2,1272.48,3,2,4,"324","Others"
12395,20,15,2998.28,4,5,5,"455","Champions"
12397,40,2,2409.9,3,2,5,"325","Others"
12398,50,1,1635.66,3,1,4,"314","Others"
12399,124,4,1108.65,2,4,4,"244","At Risk"
12401,308,1,84.3,1,1,1,"111","Lost"
12402,328,1,225.6,1,1,1,"111","Lost"
12403,54,2,409.7,3,2,2,"322","Others"
12405,153,1,1710.39,2,1,4,"214","Lost"
12406,27,3,3280.75,4,3,5,"435","Loyal Customers"
12407,54,5,1708.12,3,4,4,"344","Loyal Customers"
12408,37,9,2842.57,3,5,5,"355","Loyal Customers"
12409,83,7,11056.93,2,4,5,"245","At Risk"
12410,306,3,681.08,1,3,3,"133","Others"
12412,79,3,1226.88,2,3,4,"234","Others"
12413,71,5,694.15,3,4,3,"343","Loyal Customers"
12414,222,3,562.41,1,3,3,"133","Others"
12415,29,26,123725.45,4,5,5,"455","Champions"
12417,8,12,3578.8,5,5,5,"555","Champions"
12418,117,1,668.58,2,1,3,"213","Lost"
12420,68,1,600.39,3,1,3,"313","Others"
12421,20,5,806.27,4,4,3,"443","Loyal Customers"
12422,100,3,803.56,2,3,3,"233","Others"
12423,5,9,1849.11,5,5,4,"554","Champions"
12424,167,2,1760.96,2,2,4,"224","Lost"
12425,83,1,777.2,2,1,3,"213","Lost"
12426,199,1,582.73,1,1,3,"113","Lost"
12427,16,5,708.37,4,4,3,"443","Loyal Customers"
12428,30,12,7877.2,4,5,5,"455","Champions"
12429,14,4,3750.4,5,4,5,"545","Champions"
12430,48,1,256.4,3,1,2,"312","Others"
12431,40,18,6416.39,3,5,5,"355","Loyal Customers"
12432,47,5,5059.32,3,4,5,"345","Loyal Customers"
12433,5,7,13375.87,5,4,5,"545","Champions"
12434,89,4,765.19,2,4,3,"243","At Risk"
12435,84,2,7829.89,2,2,5,"225","Lost"
12436,104,1,509.01,2,1,3,"213","Lost"
12437,6,19,4896.66,5,5,5,"555","Champions"
12438,19,2,2906.85,4,2,5,"425","New Customers"
12441,371,1,173.55,1,1,1,"111","Lost"
12442,8,1,172.06,5,1,1,"511","New Customers"
12444,26,5,5005.46,4,4,5,"445","Champions"
12445,27,1,133.4,4,1,1,"411","New Customers"
12446,62,1,1002.31,3,1,4,"314","Others"
12447,248,1,476.49,1,1,3,"113","Lost"
12448,49,1,449.45,3,1,2,"312","Others"
12449,27,4,4067.29,4,4,5,"445","Champions"
12450,161,2,197.88,2,2,1,"221","Lost"
12451,15,6,8933.52,5,4,5,"545","Champions"
12452,21,3,428.57,4,3,2,"432","Loyal Customers"
12453,139,1,707.09,2,1,3,"213","Lost"
12454,58,2,0,3,2,1,"321","Others"
12455,78,6,2466.86,2,4,5,"245","At Risk"
12456,49,4,3153.89,3,4,5,"345","Loyal Customers"
12457,63,12,1917.78,3,5,4,"354","Loyal Customers"
12458,76,2,947.4,2,2,4,"224","Lost"
12461,99,2,826.88,2,2,3,"223","Lost"
12462,7,4,1124.01,5,4,4,"544","Champions"
12463,51,7,1303.63,3,4,4,"344","Loyal Customers"
12464,15,8,1212.05,5,5,4,"554","Champions"
12465,12,3,733.89,5,3,3,"533","Loyal Customers"
12468,148,3,724.04,2,3,3,"233","Others"
12471,7,49,18740.92,5,5,5,"555","Champions"
12472,35,13,6229.48,4,5,5,"455","Champions"
12473,34,9,2848.23,4,5,5,"455","Champions"
12474,22,30,7116.47,4,5,5,"455","Champions"
12475,58,1,723.38,3,1,3,"313","Others"
12476,6,20,6546.58,5,5,5,"555","Champions"
12477,27,9,13117.01,4,5,5,"455","Champions"
12478,8,1,680.99,5,1,3,"513","New Customers"
12479,8,3,477.3,5,3,3,"533","Loyal Customers"
12480,33,4,3281.63,4,4,5,"445","Champions"
12481,27,11,5590.86,4,5,5,"455","Champions"
12483,22,13,2327.13,4,5,5,"455","Champions"
12484,37,8,4495.27,3,5,5,"355","Loyal Customers"
12488,14,3,1298.66,5,3,4,"534","Loyal Customers"
12489,341,1,334.93,1,1,2,"112","Lost"
12490,10,10,5417.93,5,5,5,"555","Champions"
12491,43,1,460.4,3,1,2,"312","Others"
12492,68,2,263.21,3,2,2,"322","Others"
12493,170,3,416.79,2,3,2,"232","Others"
12494,14,13,1139.35,5,5,4,"554","Champions"
12497,86,1,1043.1,2,1,4,"214","Lost"
12498,26,3,403.7,4,3,2,"432","Loyal Customers"
12500,28,13,4206.27,4,5,5,"455","Champions"
12501,320,2,2089.68,1,2,5,"125","Lost"
12502,100,5,3723.87,2,4,5,"245","At Risk"
12503,342,1,-1126,1,1,1,"111","Lost"
12504,23,4,114,4,4,1,"441","Loyal Customers"
12505,306,1,-4.5,1,1,1,"111","Lost"
12506,237,1,73.5,1,1,1,"111","Lost"
12507,139,4,1258.06,2,4,4,"244","At Risk"
12508,31,2,398.27,4,2,2,"422","New Customers"
12509,289,1,176.5,1,1,1,"111","Lost"
12510,147,2,982.57,2,2,4,"224","Lost"
12512,71,2,138.03,3,2,1,"321","Others"
12513,89,2,586.79,2,2,3,"223","Lost"
12514,272,1,1017.68,1,1,4,"114","Lost"
12515,358,1,383.7,1,1,2,"112","Lost"
12516,82,2,1312.06,2,2,4,"224","Lost"
12517,33,6,2464.89,4,4,5,"445","Champions"
12518,5,5,2056.89,5,4,5,"545","Champions"
12519,68,1,340.84,3,1,2,"312","Others"
12520,84,6,2582.51,2,4,5,"245","At Risk"
12521,147,1,599.68,2,1,3,"213","Lost"
12522,44,2,192.72,3,2,1,"321","Others"
12523,6,13,1745.57,5,5,4,"554","Champions"
12524,14,8,4485.72,5,5,5,"555","Champions"
12526,5,3,1316.66,5,3,4,"534","Loyal Customers"
12527,86,3,348.71,2,3,2,"232","Others"
12528,14,8,1922.28,5,5,4,"554","Champions"
12530,64,5,1623.63,3,4,4,"344","Loyal Customers"
12531,19,1,125.22,4,1,1,"411","New Customers"
12532,35,1,349.83,4,1,2,"412","New Customers"
12534,135,1,1089.18,2,1,4,"214","Lost"
12535,96,2,716.35,2,2,3,"223","Lost"
12536,12,5,4106.82,5,4,5,"545","Champions"
12538,34,1,363.95,4,1,2,"412","New Customers"
12539,27,5,3852.5,4,4,5,"445","Champions"
12540,24,19,13309.04,4,5,5,"455","Champions"
12541,34,3,981.18,4,3,4,"434","Loyal Customers"
12544,34,2,355.7,4,2,2,"422","New Customers"
12545,80,2,1000.39,2,2,4,"224","Lost"
12546,51,3,1141.5,3,3,4,"334","Loyal Customers"
12547,202,2,207.8,1,2,1,"121","Lost"
12548,171,1,95.2,2,1,1,"211","Lost"
12550,84,1,964.83,2,1,4,"214","Lost"
12551,362,1,168,1,1,1,"111","Lost"
12552,43,2,437.82,3,2,2,"322","Others"
12553,13,14,3652.25,5,5,5,"555","Champions"
12556,55,2,603.71,3,2,3,"323","Others"
12557,21,5,11990.96,4,4,5,"445","Champions"
12558,6,2,0,5,2,1,"521","New Customers"
12559,315,3,536.21,1,3,3,"133","Others"
12560,10,4,2101.39,5,4,5,"545","Champions"
12561,307,1,238.85,1,1,2,"112","Lost"
12562,13,7,3781.74,5,4,5,"545","Champions"
12564,266,1,456.9,1,1,2,"112","Lost"
12565,286,2,131.17,1,2,1,"121","Lost"
12566,77,2,346.7,2,2,2,"222","Lost"
12567,27,11,9114.94,4,5,5,"455","Champions"
12569,7,35,4064.99,5,5,5,"555","Champions"
12571,44,2,519.61,3,2,3,"323","Others"
12572,13,3,1004.72,5,3,4,"534","Loyal Customers"
12573,232,1,160.54,1,1,1,"111","Lost"
12574,320,1,218.45,1,1,1,"111","Lost"
12576,40,6,1306.98,3,4,4,"344","Loyal Customers"
12577,40,4,595.4,3,4,3,"343","Loyal Customers"
12578,26,4,2753.36,4,4,5,"445","Champions"
12579,78,3,410.72,2,3,2,"232","Others"
12580,251,1,415.7,1,1,2,"112","Lost"
12581,44,1,197.71,3,1,1,"311","Others"
12582,243,2,511.36,1,2,3,"123","Lost"
12583,7,18,7187.34,5,5,5,"555","Champions"
12584,8,18,1893.95,5,5,4,"554","Champions"
12585,239,4,1982.81,1,4,4,"144","At Risk"
12586,22,2,179.94,4,2,1,"421","New Customers"
12587,12,1,144,5,1,1,"511","New Customers"
12588,44,1,214.9,3,1,1,"311","Others"
12589,33,2,646.68,4,2,3,"423","New Customers"
12590,195,3,9861.38,1,3,5,"135","Others"
12591,322,1,452.85,1,1,2,"112","Lost"
12592,97,2,437.6,2,2,2,"222","Lost"
12593,113,3,418.1,2,3,2,"232","Others"
12594,42,11,3320.22,3,5,5,"355","Loyal Customers"
12596,56,2,618.27,3,2,3,"323","Others"
12597,24,5,3683.13,4,4,5,"445","Champions"
12598,14,9,3002.68,5,5,5,"555","Champions"
12599,34,7,1032.58,4,4,4,"444","Champions"
12600,33,11,2581.04,4,5,5,"455","Champions"
12601,194,6,569.56,1,4,3,"143","At Risk"
12602,63,1,153.12,3,1,1,"311","Others"
12603,26,1,739.2,4,1,3,"413","New Customers"
12604,84,2,254.18,2,2,2,"222","Lost"
12605,370,1,-7.5,1,1,1,"111","Lost"
12607,63,2,0,3,2,1,"321","Others"
12609,83,3,1126.85,2,3,4,"234","Others"
12610,27,7,2057.99,4,4,5,"445","Champions"
12611,57,1,1193.32,3,1,4,"314","Others"
12612,62,2,643.59,3,2,3,"323","Others"
12613,36,6,3218.98,3,4,5,"345","Loyal Customers"
12614,282,1,315.6,1,1,2,"112","Lost"
12615,7,4,2291.19,5,4,5,"545","Champions"
12616,90,5,657.25,2,4,3,"243","At Risk"
12617,34,1,355.53,4,1,2,"412","New Customers"
12618,26,1,177.31,4,1,1,"411","New Customers"
12619,21,13,3214.81,4,5,5,"455","Champions"
12620,19,3,1339.41,4,3,4,"434","Loyal Customers"
12621,6,23,13612.07,5,5,5,"555","Champions"
12622,237,1,180.1,1,1,1,"111","Lost"
12623,281,1,305.1,1,1,2,"112","Lost"
12624,111,2,641.13,2,2,3,"223","Lost"
12625,216,3,2614.32,1,3,5,"135","Others"
12626,28,13,6388.35,4,5,5,"455","Champions"
12627,15,7,4478.53,5,4,5,"545","Champions"
12628,9,4,769.61,5,4,3,"543","Loyal Customers"
12630,14,2,1270.88,5,2,4,"524","New Customers"
12631,62,1,640.5,3,1,3,"313","Others"
12633,63,5,2140.63,3,4,5,"345","Loyal Customers"
12635,94,2,1689.18,2,2,4,"224","Lost"
12637,72,10,5953.25,3,5,5,"355","Loyal Customers"
12638,38,1,671.69,3,1,3,"313","Others"
12639,243,1,486.1,1,1,3,"113","Lost"
12640,28,3,1174.58,4,3,4,"434","Loyal Customers"
12641,120,1,185.9,2,1,1,"211","Lost"
12642,30,3,1013.26,4,3,4,"434","Loyal Customers"
12643,133,6,3344.64,2,4,5,"245","At Risk"
12644,134,1,477.91,2,1,3,"213","Lost"
12645,38,5,1755.38,3,4,4,"344","Loyal Customers"
12646,9,2,1346.97,5,2,4,"524","New Customers"
12647,27,13,3669.92,4,5,5,"455","Champions"
12648,159,1,318.05,2,1,2,"212","Lost"
12649,112,4,603.71,2,4,3,"243","At Risk"
12650,8,1,314.44,5,1,2,"512","New Customers"
12651,339,1,114,1,1,1,"111","Lost"
12652,327,2,914.53,1,2,4,"124","Lost"
12653,153,2,2209.85,2,2,5,"225","Lost"
12654,15,5,601.98,5,4,3,"543","Loyal Customers"
12656,22,8,3982.72,4,5,5,"455","Champions"
12657,16,5,1152.06,4,4,4,"444","Champions"
12658,23,1,686.05,4,1,3,"413","New Customers"
12659,34,1,91.68,4,1,1,"411","New Customers"
12660,16,1,245.1,4,1,2,"412","New Customers"
12662,5,12,3817.08,5,5,5,"555","Champions"
12664,13,10,4863.88,5,5,5,"555","Champions"
12665,329,2,61.75,1,2,1,"121","Lost"
12666,364,1,-227.44,1,1,1,"111","Lost"
12667,63,1,620.13,3,1,3,"313","Others"
12668,12,6,3743.18,5,4,5,"545","Champions"
12669,155,4,1607.73,2,4,4,"244","At Risk"
12670,15,6,2986.15,5,4,5,"545","Champions"
12672,334,1,225.9,1,1,1,"111","Lost"
12673,10,2,610.52,5,2,3,"523","New Customers"
12674,16,7,1919.31,4,4,4,"444","Champions"
12676,29,6,1331.39,4,4,4,"444","Champions"
12678,47,13,17588.26,3,5,5,"355","Loyal Customers"
12679,57,9,1058.67,3,5,4,"354","Loyal Customers"
12680,5,4,862.81,5,4,3,"543","Loyal Customers"
12681,19,27,13677.59,4,5,5,"455","Champions"
12682,8,31,12288.22,5,5,5,"555","Champions"
12683,9,20,8221.09,5,5,5,"555","Champions"
12684,12,7,2283.63,5,4,5,"545","Champions"
12685,33,6,2863.08,4,4,5,"445","Champions"
12686,376,1,89.14,1,1,1,"111","Lost"
12688,118,1,4873.81,2,1,5,"215","Lost"
12689,30,2,1247.61,4,2,4,"424","New Customers"
12690,210,1,389.01,1,1,2,"112","Lost"
12691,33,6,1035.8,4,4,4,"444","Champions"
12693,125,6,830.96,2,4,3,"243","At Risk"
12694,75,2,869.67,3,2,3,"323","Others"
12695,12,4,582.1,5,4,3,"543","Loyal Customers"
12697,26,5,939.02,4,4,4,"444","Champions"
12700,12,6,4867.99,5,4,5,"545","Champions"
12701,84,2,797.71,2,2,3,"223","Lost"
12702,24,1,219,4,1,1,"411","New Customers"
12703,69,2,274.7,3,2,2,"322","Others"
12704,12,10,2220.84,5,5,5,"555","Champions"
12705,20,14,6814.24,4,5,5,"455","Champions"
12707,296,1,603.42,1,1,3,"113","Lost"
12708,34,16,2616.32,4,5,5,"455","Champions"
12709,8,26,9294.1,5,5,5,"555","Champions"
12710,101,4,1130.57,2,4,4,"244","At Risk"
12712,27,17,4241.63,4,5,5,"455","Champions"
12713,5,1,848.55,5,1,3,"513","New Customers"
12714,14,5,4708.86,5,4,5,"545","Champions"
12715,111,1,353.86,2,1,2,"212","Lost"
12716,8,2,1053.49,5,2,4,"524","New Customers"
12717,156,3,980.98,2,3,4,"234","Others"
12718,76,1,238.25,2,1,2,"212","Lost"
12719,10,3,608.1,5,3,3,"533","Loyal Customers"
12720,7,29,5713.28,5,5,5,"555","Champions"
12721,36,7,2628.98,3,4,5,"345","Loyal Customers"
12722,90,6,904.33,2,4,3,"243","At Risk"
12723,8,5,725.07,5,4,3,"543","Loyal Customers"
12724,10,4,1031.41,5,4,4,"544","Champions"
12725,376,1,427.8,1,1,2,"112","Lost"
12726,33,7,2609.1,4,4,5,"445","Champions"
12727,15,9,3947.7,5,5,5,"555","Champions"
12728,76,4,836.33,2,4,3,"243","At Risk"
12729,118,1,453.01,2,1,2,"212","Lost"
12731,28,14,18793.41,4,5,5,"455","Champions"
12732,184,1,236.26,1,1,2,"112","Lost"
12733,239,1,383.95,1,1,2,"112","Lost"
12734,357,1,110.4,1,1,1,"111","Lost"
12735,320,2,779.57,1,2,3,"123","Lost"
12736,337,1,234,1,1,1,"111","Lost"
12738,377,1,155.35,1,1,1,"111","Lost"
12739,83,2,1013.04,2,2,4,"224","Lost"
12740,68,1,427.6,3,1,2,"312","Others"
12743,139,2,546.43,2,2,3,"223","Lost"
12744,56,10,9120.39,3,5,5,"355","Loyal Customers"
12747,7,11,4196.01,5,5,5,"555","Champions"
12748,5,224,29072.1,5,5,5,"555","Champions"
12749,8,8,3868.2,5,5,5,"555","Champions"
12750,133,1,275.88,2,1,2,"212","Lost"
12752,86,1,4366.78,2,1,5,"215","Lost"
12753,8,11,21024.01,5,5,5,"555","Champions"
12754,240,5,2949.12,1,4,5,"145","At Risk"
12755,254,4,2203.2,1,4,5,"145","At Risk"
12756,91,1,112.08,2,1,1,"211","Lost"
12757,20,19,4227.7,4,5,5,"455","Champions"
12758,121,2,2791.59,2,2,5,"225","Lost"
12759,57,3,1531.44,3,3,4,"334","Loyal Customers"
12762,12,2,1898.52,5,2,4,"524","New Customers"
12763,143,2,494.08,2,2,3,"223","Lost"
12764,321,1,1693.88,1,1,4,"114","Lost"
12766,8,7,6989.63,5,4,5,"545","Champions"
12769,243,1,1143.6,1,1,4,"114","Lost"
12770,215,1,1351.45,1,1,4,"114","Lost"
12772,64,1,892.47,3,1,3,"313","Others"
12775,22,6,1351.24,4,4,4,"444","Champions"
12778,24,7,804.23,4,4,3,"443","Loyal Customers"
12779,26,12,3868.7,4,5,5,"455","Champions"
12781,26,5,707.72,4,4,3,"443","Loyal Customers"
12782,9,6,2273.32,5,4,5,"545","Champions"
12783,7,8,1603.87,5,5,4,"554","Champions"
12784,14,2,574.42,5,2,3,"523","New Customers"
12785,7,2,305.71,5,2,2,"522","New Customers"
12787,14,3,463.66,5,3,2,"532","Loyal Customers"
12789,70,1,91.85,3,1,1,"311","Others"
12790,197,1,324.92,1,1,2,"112","Lost"
12791,378,1,192.6,1,1,1,"111","Lost"
12792,261,1,400.54,1,1,2,"112","Lost"
12793,339,2,545.48,1,2,3,"123","Lost"
12794,58,2,860.41,3,2,3,"323","Others"
12795,23,1,430.48,4,1,2,"412","New Customers"
12797,365,3,194.18,1,3,1,"131","Others"
12798,15,3,6977.04,5,3,5,"535","Loyal Customers"
12802,188,2,412.58,1,2,2,"122","Lost"
12808,41,3,483.65,3,3,3,"333","Loyal Customers"
12809,173,2,484.36,2,2,3,"223","Lost"
12811,265,3,514.85,1,3,3,"133","Others"
12812,49,1,229.64,3,1,1,"311","Others"
12814,106,1,125.92,2,1,1,"211","Lost"
12815,152,2,1063.46,2,2,4,"224","Lost"
12816,100,2,572.2,2,2,3,"223","Lost"
12817,286,1,166.04,1,1,1,"111","Lost"
12818,183,2,1517.88,1,2,4,"124","Lost"
12820,8,4,942.34,5,4,4,"544","Champions"
12821,219,1,92.72,1,1,1,"111","Lost"
12822,75,3,918.98,3,3,4,"334","Loyal Customers"
12823,79,5,1759.5,2,4,4,"244","At Risk"
12824,64,1,397.12,3,1,2,"312","Others"
12826,7,8,1468.12,5,5,4,"554","Champions"
12827,10,3,430.15,5,3,2,"532","Loyal Customers"
12828,7,6,1018.71,5,4,4,"544","Champions"
12829,327,3,253.05,1,3,2,"132","Others"
12830,42,7,6748.4,3,4,5,"345","Loyal Customers"
12831,267,1,215.05,1,1,1,"111","Lost"
12832,37,2,383.03,3,2,2,"322","Others"
12833,150,1,417.38,2,1,2,"212","Lost"
12834,287,1,312.38,1,1,2,"112","Lost"
12836,64,4,2612.86,3,4,5,"345","Loyal Customers"
12837,178,1,134.1,2,1,1,"211","Lost"
12838,38,2,683.13,3,2,3,"323","Others"
12839,7,16,5583.62,5,5,5,"555","Champions"
12840,148,6,2714.27,2,4,5,"245","At Risk"
12841,9,26,3876.4,5,5,5,"555","Champions"
12842,75,2,1118.99,3,2,4,"324","Others"
12843,70,9,1680.76,3,5,4,"354","Loyal Customers"
12844,34,2,325.96,4,2,2,"422","New Customers"
12845,272,4,354.09,1,4,2,"142","At Risk"
12847,27,1,871.54,4,1,3,"413","New Customers"
12849,36,2,1050.89,3,2,4,"324","Others"
12851,101,1,135.18,2,1,1,"211","Lost"
12852,295,2,299.75,1,2,2,"122","Lost"
12853,112,9,1881.7,2,5,4,"254","At Risk"
12854,83,5,1289.15,2,4,4,"244","At Risk"
12855,377,1,38.1,1,1,1,"111","Lost"
12856,12,8,2162.68,5,5,5,"555","Champions"
12857,215,2,1106.4,1,2,4,"124","Lost"
12863,57,2,504.2,3,2,3,"323","Others"
12864,143,1,147.12,2,1,1,"211","Lost"
12865,31,3,1548.07,4,3,4,"434","Loyal Customers"
12866,288,1,559.12,1,1,3,"113","Lost"
12867,31,10,3986.22,4,5,5,"455","Champions"
12868,190,6,1607.06,1,4,4,"144","At Risk"
12870,371,1,-14.9,1,1,1,"111","Lost"
12871,89,2,380.64,2,2,2,"222","Lost"
12872,331,2,599.97,1,2,3,"123","Lost"
12873,287,1,374,1,1,2,"112","Lost"
12875,148,2,343.23,2,2,2,"222","Lost"
12876,62,2,2218.02,3,2,5,"325","Others"
12877,8,12,1535.77,5,5,4,"554","Champions"
12878,23,3,841.64,4,3,3,"433","Loyal Customers"
12879,49,4,552.57,3,4,3,"343","Loyal Customers"
12881,280,1,298,1,1,2,"112","Lost"
12882,14,2,1463.04,5,2,4,"524","New Customers"
12883,29,4,703.47,4,4,3,"443","Loyal Customers"
12884,93,1,309.05,2,1,2,"212","Lost"
12885,68,4,1158.27,3,4,4,"344","Loyal Customers"
12886,72,3,1351.09,3,3,4,"334","Loyal Customers"
12888,219,4,313.77,1,4,2,"142","At Risk"
12890,29,1,380.47,4,1,2,"412","New Customers"
12891,190,3,331,1,3,2,"132","Others"
12893,35,1,188.14,4,1,1,"411","New Customers"
12895,47,3,347.3,3,3,2,"332","Loyal Customers"
12897,209,2,216.5,1,2,1,"121","Lost"
12901,13,36,16293.1,5,5,5,"555","Champions"
12902,269,1,138.68,1,1,1,"111","Lost"
12904,23,2,509.58,4,2,3,"423","New Customers"
12906,16,5,2919.81,4,4,5,"445","Champions"
12908,63,4,246,3,4,2,"342","Loyal Customers"
12909,44,8,2128.83,3,5,5,"355","Loyal Customers"
12910,28,8,3075.04,4,5,5,"455","Champions"
12912,7,5,1662.3,5,4,4,"544","Champions"
12913,9,5,2483.63,5,4,5,"545","Champions"
12915,153,2,363.65,2,2,2,"222","Lost"
12916,143,5,2982.35,2,4,5,"245","At Risk"
12917,133,1,594,2,1,3,"213","Lost"
12919,13,8,1301.44,5,5,4,"554","Champions"
12920,22,1,164.23,4,1,1,"411","New Customers"
12921,8,50,16389.74,5,5,5,"555","Champions"
12922,166,1,405.38,2,1,2,"212","Lost"
12923,69,1,176.97,3,1,1,"311","Others"
12924,93,5,929.95,2,4,4,"244","At Risk"
12925,9,2,694.05,5,2,3,"523","New Customers"
12928,40,5,2062.7,3,4,5,"345","Loyal Customers"
12929,127,2,105.1,2,2,1,"221","Lost"
12930,83,4,409.9,2,4,2,"242","At Risk"
12931,26,20,33462.81,4,5,5,"455","Champions"
12933,29,4,606.28,4,4,3,"443","Loyal Customers"
12935,7,8,2156.45,5,5,5,"555","Champions"
12936,22,5,1012.9,4,4,4,"444","Champions"
12937,20,4,1504.27,4,4,4,"444","Champions"
12938,30,1,114.14,4,1,1,"411","New Customers"
12939,69,8,11581.8,3,5,5,"355","Loyal Customers"
12940,51,4,876.29,3,4,3,"343","Loyal Customers"
12942,136,3,683.9,2,3,3,"233","Others"
12943,306,1,-3.75,1,1,1,"111","Lost"
12944,40,2,604.51,3,2,3,"323","Others"
12945,293,1,462.95,1,1,2,"112","Lost"
12947,148,11,1407.29,2,5,4,"254","At Risk"
12948,21,8,2053.7,4,5,5,"455","Champions"
12949,35,10,4143.02,4,5,5,"455","Champions"
12950,7,3,1843,5,3,4,"534","Loyal Customers"
12951,13,8,1042.07,5,5,4,"554","Champions"
12952,10,5,1382.84,5,4,4,"544","Champions"
12953,14,1,329.85,5,1,2,"512","New Customers"
12955,6,14,4734.26,5,5,5,"555","Champions"
12956,311,1,108.07,1,1,1,"111","Lost"
12957,9,12,3979.04,5,5,5,"555","Champions"
12962,12,2,266.39,5,2,2,"522","New Customers"
12963,13,9,1841.03,5,5,4,"554","Champions"
12965,94,1,771.91,2,1,3,"213","Lost"
12966,14,1,160.18,5,1,1,"511","New Customers"
12967,8,4,1194.75,5,4,4,"544","Champions"
12968,117,1,135.95,2,1,1,"211","Lost"
12970,12,4,452.24,5,4,2,"542","Loyal Customers"
12971,8,89,10930.26,5,5,5,"555","Champions"
12974,202,1,144.8,1,1,1,"111","Lost"
12976,216,1,738.6,1,1,3,"113","Lost"
12977,161,1,39.24,2,1,1,"211","Lost"
12980,160,12,7092.06,2,5,5,"255","At Risk"
12981,34,2,372.22,4,2,2,"422","New Customers"
12982,244,2,377.2,1,2,2,"122","Lost"
12984,23,1,97.5,4,1,1,"411","New Customers"
12985,5,3,1215.62,5,3,4,"534","Loyal Customers"
12987,78,3,545,2,3,3,"233","Others"
12988,297,1,535.32,1,1,3,"113","Lost"
12989,8,19,6854.51,5,5,5,"555","Champions"
12990,36,3,409.5,3,3,2,"332","Loyal Customers"
12991,28,2,503.76,4,2,3,"423","New Customers"
12993,28,4,414.76,4,4,2,"442","Loyal Customers"
12994,9,5,902.22,5,4,3,"543","Loyal Customers"
12995,82,2,200.72,2,2,1,"221","Lost"
12997,27,7,1197.94,4,4,4,"444","Champions"
12999,201,3,455.88,1,3,2,"132","Others"
13000,111,3,534.85,2,3,3,"233","Others"
13001,9,15,9797.92,5,5,5,"555","Champions"
13002,323,1,120.95,1,1,1,"111","Lost"
13003,110,3,149.05,2,3,1,"231","Others"
13004,16,22,5613.43,4,5,5,"455","Champions"
13005,178,3,468.95,2,3,3,"233","Others"
13006,61,1,81.57,3,1,1,"311","Others"
13008,328,2,178.47,1,2,1,"121","Lost"
13011,377,1,50.55,1,1,1,"111","Lost"
13012,14,11,1311.62,5,5,4,"554","Champions"
13013,6,15,4786.99,5,5,5,"555","Champions"
13014,7,16,3365.43,5,5,5,"555","Champions"
13015,58,5,3346.28,3,4,5,"345","Loyal Customers"
13016,78,3,789.89,2,3,3,"233","Others"
13017,12,1,204,5,1,1,"511","New Customers"
13018,21,29,7272.75,4,5,5,"455","Champions"
13021,9,12,2584.4,5,5,5,"555","Champions"
13023,69,2,689.9,3,2,3,"323","Others"
13026,6,8,936.15,5,5,4,"554","Champions"
13027,118,6,6912,2,4,5,"245","At Risk"
13028,27,3,659.68,4,3,3,"433","Loyal Customers"
13029,35,3,1247.5,4,3,4,"434","Loyal Customers"
13030,16,2,799.48,4,2,3,"423","New Customers"
13032,43,3,996.52,3,3,4,"334","Loyal Customers"
13033,362,1,190.55,1,1,1,"111","Lost"
13034,59,2,642.77,3,2,3,"323","Others"
13035,62,3,886.63,3,3,3,"333","Loyal Customers"
13037,143,3,881.07,2,3,3,"233","Others"
13038,85,3,908.46,2,3,3,"233","Others"
13040,13,2,676.99,5,2,3,"523","New Customers"
13043,258,2,471.57,1,2,3,"123","Lost"
13044,296,1,560.47,1,1,3,"113","Lost"
13045,104,1,305.28,2,1,2,"212","Lost"
13046,35,2,629.31,4,2,3,"423","New Customers"
13047,36,18,3079.1,3,5,5,"355","Loyal Customers"
13048,19,5,1805.91,4,4,4,"444","Champions"
13049,69,2,656.68,3,2,3,"323","Others"
13050,14,28,5684.61,5,5,5,"555","Champions"
13052,217,1,348.15,1,1,2,"112","Lost"
13055,69,4,1201.96,3,4,4,"344","Loyal Customers"
13058,29,3,271.4,4,3,2,"432","Loyal Customers"
13059,254,1,183.4,1,1,1,"111","Lost"
13060,258,1,307.53,1,1,2,"112","Lost"
13061,77,1,248.61,2,1,2,"212","Lost"
13062,196,1,346.98,1,1,2,"112","Lost"
13064,17,4,1119.49,4,4,4,"444","Champions"
13065,378,1,205.86,1,1,1,"111","Lost"
13066,29,3,430.9,4,3,2,"432","Loyal Customers"
13067,87,1,115.46,2,1,1,"211","Lost"
13068,15,2,344,5,2,2,"522","New Customers"
13069,5,27,3717.82,5,5,5,"555","Champions"
13070,197,1,228.8,1,1,1,"111","Lost"
13072,271,1,177.15,1,1,1,"111","Lost"
13075,134,1,919.61,2,1,4,"214","Lost"
13077,6,4,729.27,5,4,3,"543","Loyal Customers"
13078,6,43,12432.28,5,5,5,"555","Champions"
13079,9,5,220.1,5,4,1,"541","Loyal Customers"
13080,184,1,58.08,1,1,1,"111","Lost"
13081,6,21,27964.48,5,5,5,"555","Champions"
13082,131,10,3595.48,2,5,5,"255","At Risk"
13083,9,2,303.75,5,2,2,"522","New Customers"
13085,162,3,272.38,2,3,2,"232","Others"
13089,7,118,57385.88,5,5,5,"555","Champions"
13090,13,18,8689.39,5,5,5,"555","Champions"
13091,26,2,319.82,4,2,2,"422","New Customers"
13092,75,6,459.83,3,4,2,"342","Loyal Customers"
13093,272,13,7741.47,1,5,5,"155","At Risk"
13094,26,16,1708.86,4,5,4,"454","Champions"
13095,75,1,74.4,3,1,1,"311","Others"
13097,37,14,5893.32,3,5,5,"355","Loyal Customers"
13098,6,41,28658.88,5,5,5,"555","Champions"
13099,104,1,207.36,2,1,1,"211","Lost"
13101,239,1,101.19,1,1,1,"111","Lost"
13102,6,27,6336.29,5,5,5,"555","Champions"
13103,44,1,243.94,3,1,2,"312","Others"
13104,8,6,1098.48,5,4,4,"544","Champions"
13106,133,2,59.5,2,2,1,"221","Lost"
13107,49,5,1524.07,3,4,4,"344","Loyal Customers"
13108,377,1,350.06,1,1,2,"112","Lost"
13109,7,5,766.84,5,4,3,"543","Loyal Customers"
13110,36,8,1452.87,3,5,4,"354","Loyal Customers"
13113,5,40,10510,5,5,5,"555","Champions"
13115,13,14,2205.63,5,5,5,"555","Champions"
13116,122,2,485.19,2,2,3,"223","Lost"
13117,26,8,984.91,4,5,4,"454","Champions"
13118,24,7,1125,4,4,4,"444","Champions"
13120,243,1,30.6,1,1,1,"111","Lost"
13121,274,2,254.73,1,2,2,"122","Lost"
13122,99,2,922.39,2,2,4,"224","Lost"
13124,94,3,3866.33,2,3,5,"235","Others"
13126,9,10,2056.29,5,5,5,"555","Champions"
13127,82,1,259.17,2,1,2,"212","Lost"
13130,99,1,64,2,1,1,"211","Lost"
13131,28,4,1039.3,4,4,4,"444","Champions"
13132,266,1,77.3,1,1,1,"111","Lost"
13133,278,2,109.8,1,2,1,"121","Lost"
13134,77,7,1740.63,2,5,4,"254","At Risk"
13135,201,1,3096,1,1,5,"115","Lost"
13136,55,11,2545.38,3,5,5,"355","Loyal Customers"
13137,15,9,3605.08,5,5,5,"555","Champions"
13138,27,6,962.39,4,4,4,"444","Champions"
13139,21,8,5055.79,4,5,5,"455","Champions"
13140,113,3,423.72,2,3,2,"232","Others"
13141,89,6,2385.8,2,4,5,"245","At Risk"
13142,24,1,307.09,4,1,2,"412","New Customers"
13144,337,1,110.95,1,1,1,"111","Lost"
13145,44,5,614.77,3,4,3,"343","Loyal Customers"
13146,31,1,228.91,4,1,1,"411","New Customers"
13147,15,4,712.8,5,4,3,"543","Loyal Customers"
13148,34,17,3348.48,4,5,5,"455","Champions"
13149,19,4,1676.06,4,4,4,"444","Champions"
13151,208,2,1250.37,1,2,4,"124","Lost"
13153,10,1,486.22,5,1,3,"513","New Customers"
13154,149,1,-611.86,2,1,1,"211","Lost"
13155,38,4,971.76,3,4,4,"344","Loyal Customers"
13157,54,5,1721.57,3,4,4,"344","Loyal Customers"
13158,99,4,1201.06,2,4,4,"244","At Risk"
13159,13,5,1379.75,5,4,4,"544","Champions"
13160,27,1,91.8,4,1,1,"411","New Customers"
13161,318,1,112.75,1,1,1,"111","Lost"
13162,127,5,1644.99,2,4,4,"244","At Risk"
13165,51,2,1021.48,3,2,4,"324","Others"
13166,287,2,414.7,1,2,2,"122","Lost"
13167,23,4,791.33,4,4,3,"443","Loyal Customers"
13168,41,5,1310.14,3,4,4,"344","Loyal Customers"
13169,68,2,712.88,3,2,3,"323","Others"
13170,31,1,116.01,4,1,1,"411","New Customers"
13171,13,5,426.81,5,4,2,"542","Loyal Customers"
13173,9,2,353.65,5,2,2,"522","New Customers"
13174,21,3,2817.03,4,3,5,"435","Loyal Customers"
13176,51,1,492.84,3,1,3,"313","Others"
13177,69,1,282.45,3,1,2,"312","Others"
13178,31,11,5725.47,4,5,5,"455","Champions"
13182,50,1,121.18,3,1,1,"311","Others"
13183,12,9,3957.78,5,5,5,"555","Champions"
13184,19,12,1648.79,4,5,4,"454","Champions"
13185,272,1,71.4,1,1,1,"111","Lost"
13186,44,5,1539.69,3,4,4,"344","Loyal Customers"
13187,342,1,236.02,1,1,2,"112","Lost"
13188,16,1,114.6,4,1,1,"411","New Customers"
13189,23,2,260.68,4,2,2,"422","New Customers"
13192,100,2,911.94,2,2,4,"224","Lost"
13193,66,1,117.88,3,1,1,"311","Others"
13194,140,1,60.7,2,1,1,"211","Lost"
13196,16,4,1797.78,4,4,4,"444","Champions"
13198,15,8,3384.09,5,5,5,"555","Champions"
13199,8,39,9803.96,5,5,5,"555","Champions"
13200,24,4,870.09,4,4,3,"443","Loyal Customers"
13203,14,4,869.46,5,4,3,"543","Loyal Customers"
13207,20,2,250.26,4,2,2,"422","New Customers"
13208,63,7,1205.9,3,5,4,"354","Loyal Customers"
13209,35,11,5820.16,4,5,5,"455","Champions"
13210,98,1,353.48,2,1,2,"212","Lost"
13211,15,3,1197.42,5,3,4,"534","Loyal Customers"
13212,14,4,780.58,5,4,3,"543","Loyal Customers"
13213,61,6,1518.43,3,4,4,"344","Loyal Customers"
13216,272,1,333.74,1,1,2,"112","Lost"
13217,127,5,133.62,2,4,1,"241","At Risk"
13218,132,1,62.64,2,1,1,"211","Lost"
13220,83,4,819.29,2,4,3,"243","At Risk"
13221,245,2,847.41,1,2,3,"123","Lost"
13223,205,2,163.2,1,2,1,"121","Lost"
13224,65,3,2150.85,3,3,5,"335","Loyal Customers"
13225,8,8,6083.04,5,5,5,"555","Champions"
13226,278,1,108.21,1,1,1,"111","Lost"
13227,206,1,257.7,1,1,2,"112","Lost"
13228,86,1,358,2,1,2,"212","Lost"
13229,230,1,160.95,1,1,1,"111","Lost"
13230,9,15,2763.41,5,5,5,"555","Champions"
13232,17,7,1357.6,4,5,4,"454","Champions"
13233,79,2,605.12,2,2,3,"223","Lost"
13235,216,2,101.17,1,2,1,"121","Lost"
13236,29,3,727.27,4,3,3,"433","Loyal Customers"
13238,16,5,680.83,4,4,3,"443","Loyal Customers"
13239,266,1,329.56,1,1,2,"112","Lost"
13240,101,4,663.65,2,4,3,"243","At Risk"
13242,117,3,270.4,2,3,2,"232","Others"
13243,208,1,600.07,1,1,3,"113","Lost"
13244,97,1,121.74,2,1,1,"211","Lost"
13245,55,1,430.5,3,1,2,"312","Others"
13246,23,7,1922.1,4,5,4,"454","Champions"
13247,22,4,501.12,4,4,3,"443","Loyal Customers"
13248,129,2,465.68,2,2,3,"223","Lost"
13249,97,3,711.41,2,3,3,"233","Others"
13253,161,2,1030.4,2,2,4,"224","Lost"
13255,8,3,390.66,5,3,2,"532","Loyal Customers"
13256,19,1,0,4,1,1,"411","New Customers"
13258,16,3,698.58,4,3,3,"433","Loyal Customers"
13259,66,1,292.32,3,1,2,"312","Others"
13260,66,1,557.62,3,1,3,"313","Others"
13261,273,2,944.1,1,2,4,"124","Lost"
13262,268,1,200.29,1,1,1,"111","Lost"
13263,6,35,7454.07,5,5,5,"555","Champions"
13265,58,5,2107.66,3,4,5,"345","Loyal Customers"
13266,16,19,3717.67,4,5,5,"455","Champions"
13267,7,27,4404.44,5,5,5,"555","Champions"
13268,22,15,3167.64,4,5,5,"455","Champions"
13269,6,17,5315.92,5,5,5,"555","Champions"
13270,371,1,590,1,1,3,"113","Lost"
13271,42,2,178.26,3,2,1,"321","Others"
13272,36,2,276.56,3,2,2,"322","Others"
13273,118,1,138.98,2,1,1,"211","Lost"
13276,68,2,590.93,3,2,3,"323","Others"
13277,20,4,258.4,4,4,2,"442","Loyal Customers"
13278,45,1,542.73,3,1,3,"313","Others"
13279,69,2,126.3,3,2,1,"321","Others"
13280,127,3,814.86,2,3,3,"233","Others"
13282,23,6,1047.84,4,4,4,"444","Champions"
13283,64,2,93.66,3,2,1,"321","Others"
13284,327,2,196.15,1,2,1,"121","Lost"
13285,28,4,2709.12,4,4,5,"445","Champions"
13291,160,1,361.11,2,1,2,"212","Lost"
13292,43,2,578.94,3,2,3,"323","Others"
13294,194,2,873.74,1,2,3,"123","Lost"
13295,364,2,197.95,1,2,1,"121","Lost"
13296,142,1,87.4,2,1,1,"211","Lost"
13297,12,4,2089.85,5,4,5,"545","Champions"
13298,6,1,360,5,1,2,"512","New Customers"
13299,273,1,142.5,1,1,1,"111","Lost"
13300,169,2,365.29,2,2,2,"222","Lost"
13301,108,4,618.09,2,4,3,"243","At Risk"
13302,160,1,63.75,2,1,1,"211","Lost"
13304,356,1,300.42,1,1,2,"112","Lost"
13305,9,10,2000.86,5,5,4,"554","Champions"
13307,125,1,15,2,1,1,"211","Lost"
13308,27,4,1367.61,4,4,4,"444","Champions"
13309,12,5,1456.79,5,4,4,"544","Champions"
13310,13,6,1083.63,5,4,4,"544","Champions"
13311,9,2,598.57,5,2,3,"523","New Customers"
13313,27,5,1555.32,4,4,4,"444","Champions"
13314,6,4,578.66,5,4,3,"543","Loyal Customers"
13316,42,5,5815.49,3,4,5,"345","Loyal Customers"
13317,69,9,2140.07,3,5,5,"355","Loyal Customers"
13318,6,3,640.76,5,3,3,"533","Loyal Customers"
13319,10,36,10664.34,5,5,5,"555","Champions"
13320,75,6,1491.7,3,4,4,"344","Loyal Customers"
13321,77,2,567.36,2,2,3,"223","Lost"
13322,22,1,199.48,4,1,1,"411","New Customers"
13323,8,5,787.85,5,4,3,"543","Loyal Customers"
13324,37,12,7072.8,3,5,5,"355","Loyal Customers"
13325,86,1,675.3,2,1,3,"213","Lost"
13327,43,9,3617.57,3,5,5,"355","Loyal Customers"
13328,321,1,1308.48,1,1,4,"114","Lost"
13329,36,4,740.4,3,4,3,"343","Loyal Customers"
13330,97,3,1140.93,2,3,4,"234","Others"
13332,19,1,350.9,4,1,2,"412","New Customers"
13334,87,3,3536.82,2,3,5,"235","Others"
13336,82,1,795.12,2,1,3,"213","Lost"
13338,159,3,431.82,2,3,2,"232","Others"
13339,205,1,860.12,1,1,3,"113","Lost"
13340,50,7,10736.48,3,5,5,"355","Loyal Customers"
13341,265,1,775.85,1,1,3,"113","Lost"
13343,177,2,303.93,2,2,2,"222","Lost"
13344,72,3,2543.72,3,3,5,"335","Loyal Customers"
13345,281,2,377.6,1,2,2,"122","Lost"
13347,75,1,341.36,3,1,2,"312","Others"
13348,69,1,233.76,3,1,1,"311","Others"
13349,15,1,247.32,5,1,2,"512","New Customers"
13350,21,3,910.72,4,3,4,"434","Loyal Customers"
13351,71,1,373.94,3,1,2,"312","Others"
13352,12,2,389.28,5,2,2,"522","New Customers"
13354,76,1,743.53,2,1,3,"213","Lost"
13355,127,1,674.7,2,1,3,"213","Lost"
13356,85,1,768.24,2,1,3,"213","Lost"
13357,262,1,609.95,1,1,3,"113","Lost"
13358,273,1,439.03,1,1,2,"112","Lost"
13359,64,2,431.26,3,2,2,"322","Others"
13362,8,5,3085.49,5,4,5,"545","Champions"
13363,22,2,992.5,4,2,4,"424","New Customers"
13364,71,2,0,3,2,1,"321","Others"
13365,13,3,2191.22,5,3,5,"535","Loyal Customers"
13366,55,1,56.16,3,1,1,"311","Others"
13368,261,2,623.4,1,2,3,"123","Lost"
13369,359,2,263.75,1,2,2,"122","Lost"
13370,371,2,721.32,1,2,3,"123","Lost"
13372,94,1,378.64,2,1,2,"212","Lost"
13373,65,3,3312.25,3,3,5,"335","Loyal Customers"
13375,86,2,772.9,2,2,3,"223","Lost"
13376,104,3,1019.76,2,3,4,"234","Others"
13379,31,3,572.56,4,3,3,"433","Loyal Customers"
13381,26,7,3626.81,4,5,5,"455","Champions"
13382,285,1,222.99,1,1,1,"111","Lost"
13384,35,9,4122.28,4,5,5,"455","Champions"
13385,334,1,534.57,1,1,3,"113","Lost"
13388,126,3,627.15,2,3,3,"233","Others"
13389,16,3,797.96,4,3,3,"433","Loyal Customers"
13390,79,1,544.08,2,1,3,"213","Lost"
13391,208,1,59.8,1,1,1,"111","Lost"
13394,6,10,2312.8,5,5,5,"555","Champions"
13395,190,1,307.72,1,1,2,"112","Lost"
13396,26,4,1325.29,4,4,4,"444","Champions"
13397,77,6,1539.18,2,4,4,"244","At Risk"
13398,197,1,457.34,1,1,2,"112","Lost"
13402,132,2,621.23,2,2,3,"223","Lost"
13403,22,1,75,4,1,1,"411","New Customers"
13404,6,2,252.49,5,2,2,"522","New Customers"
13405,79,3,572.451,2,3,3,"233","Others"
13408,6,81,27487.41,5,5,5,"555","Champions"
13410,13,7,988.91,5,5,4,"554","Champions"
13411,112,1,213.55,2,1,1,"211","Lost"
13414,138,3,1390.5,2,3,4,"234","Others"
13416,48,2,712.5,3,2,3,"323","Others"
13417,9,2,640.83,5,2,3,"523","New Customers"
13418,16,23,5845.44,4,5,5,"455","Champions"
13419,68,1,221.06,3,1,1,"311","Others"
13420,139,4,140.35,2,4,1,"241","At Risk"
13421,45,3,1848.98,3,3,4,"334","Loyal Customers"
13422,56,2,2601.55,3,2,5,"325","Others"
13425,113,3,1624.21,2,3,4,"234","Others"
13426,5,12,3550.7,5,5,5,"555","Champions"
13427,24,3,582.6,4,3,3,"433","Loyal Customers"
13428,15,1,218.47,5,1,1,"511","New Customers"
13429,15,4,1006.8,5,4,4,"544","Champions"
13430,23,4,648.69,4,4,3,"443","Loyal Customers"
13431,72,2,1269.1,3,2,4,"324","Others"
13434,79,2,534.24,2,2,3,"223","Lost"
13435,10,9,3794.49,5,5,5,"555","Champions"
13436,6,1,196.89,5,1,1,"511","New Customers"
13437,19,7,3408.06,4,5,5,"455","Champions"
13439,260,1,283.71,1,1,2,"112","Lost"
13441,96,1,296.64,2,1,2,"212","Lost"
13447,28,4,1104.23,4,4,4,"444","Champions"
13448,21,10,3465.67,4,5,5,"455","Champions"
13449,28,1,291.88,4,1,2,"412","New Customers"
13450,31,6,2043.72,4,4,5,"445","Champions"
13451,31,6,2916.45,4,4,5,"445","Champions"
13452,264,2,590,1,2,3,"123","Lost"
13453,170,2,356.98,2,2,2,"222","Lost"
13455,29,4,1007.35,4,4,4,"444","Champions"
13456,22,7,1737.82,4,5,4,"454","Champions"
13458,12,22,9537.92,5,5,5,"555","Champions"
13460,34,2,183.44,4,2,1,"421","New Customers"
13461,43,3,1445,3,3,4,"334","Loyal Customers"
13462,188,2,143.25,1,2,1,"121","Lost"
13464,63,1,674.68,3,1,3,"313","Others"
13466,105,2,297.95,2,2,2,"222","Lost"
13467,15,2,1083.71,5,2,4,"524","New Customers"
13468,6,41,5656.75,5,5,5,"555","Champions"
13470,104,2,165,2,2,1,"221","Lost"
13471,6,4,2531.58,5,4,5,"545","Champions"
13473,65,3,417.54,3,3,2,"332","Loyal Customers"
13474,241,1,229.59,1,1,1,"111","Lost"
13475,196,4,1431.78,1,4,4,"144","At Risk"
13476,183,4,1092.77,2,4,4,"244","At Risk"
13477,42,8,1441.53,3,5,4,"354","Loyal Customers"
13479,203,3,291,1,3,2,"132","Others"
13481,50,8,1776.81,3,5,4,"354","Loyal Customers"
13482,237,1,184.64,1,1,1,"111","Lost"
13483,70,1,140.34,3,1,1,"311","Others"
13484,246,1,313.8,1,1,2,"112","Lost"
13485,238,1,454.24,1,1,2,"112","Lost"
13486,83,3,1122.41,2,3,4,"234","Others"
13487,62,3,575.4,3,3,3,"333","Loyal Customers"
13488,22,17,8910.61,4,5,5,"455","Champions"
13489,110,4,449.52,2,4,2,"242","At Risk"
13491,56,10,1215.82,3,5,4,"354","Loyal Customers"
13492,141,3,1269.84,2,3,4,"234","Others"
13493,280,2,618.63,1,2,3,"123","Lost"
13494,316,1,316.26,1,1,2,"112","Lost"
13495,12,6,1990.12,5,4,4,"544","Champions"
13496,15,3,617.93,5,3,3,"533","Loyal Customers"
13497,287,3,321.05,1,3,2,"132","Others"
13499,22,7,1146.96,4,5,4,"454","Champions"
13500,28,4,1136.77,4,4,4,"444","Champions"
13501,247,2,1310.47,1,2,4,"124","Lost"
13502,21,3,292,4,3,2,"432","Loyal Customers"
13503,76,1,216.85,2,1,1,"211","Lost"
13504,69,1,295.93,3,1,2,"312","Others"
13505,72,8,4282.88,3,5,5,"355","Loyal Customers"
13506,317,3,452.82,1,3,2,"132","Others"
13507,8,4,2479.16,5,4,5,"545","Champions"
13508,248,1,110.97,1,1,1,"111","Lost"
13509,13,7,979.72,5,5,4,"554","Champions"
13510,6,5,1785.16,5,4,4,"544","Champions"
13512,265,1,251.21,1,1,2,"112","Lost"
13513,131,1,205.1,2,1,1,"211","Lost"
13514,78,1,152.2,2,1,1,"211","Lost"
13515,77,4,891.12,2,4,3,"243","At Risk"
13516,26,3,1389.41,4,3,4,"434","Loyal Customers"
13517,64,5,2109.07,3,4,5,"345","Loyal Customers"
13518,90,1,659.44,2,1,3,"213","Lost"
13519,55,2,110.8,3,2,1,"321","Others"
13520,63,8,3487.75,3,5,5,"355","Loyal Customers"
13521,6,3,1093.65,5,3,4,"534","Loyal Customers"
13522,35,1,125.8,4,1,1,"411","New Customers"
13523,38,6,3755.38,3,4,5,"345","Loyal Customers"
13524,45,5,680.18,3,4,3,"343","Loyal Customers"
13525,19,2,628.78,4,2,3,"423","New Customers"
13527,38,8,2263.76,3,5,5,"355","Loyal Customers"
13529,83,2,307.76,2,2,2,"222","Lost"
13531,210,2,483.8,1,2,3,"123","Lost"
13532,38,1,210.31,3,1,1,"311","Others"
13533,187,3,270.79,1,3,2,"132","Others"
13534,7,43,5613.08,5,5,5,"555","Champions"
13536,6,7,3448.29,5,5,5,"555","Champions"
13538,48,7,1280.85,3,5,4,"354","Loyal Customers"
13539,90,4,605.84,2,4,3,"243","At Risk"
13544,44,2,291.41,3,2,2,"322","Others"
13546,17,3,626.99,4,3,3,"433","Loyal Customers"
13548,101,2,682.41,2,2,3,"223","Lost"
13549,30,8,916.12,4,5,4,"454","Champions"
13551,324,1,91.8,1,1,1,"111","Lost"
13552,71,16,3539.53,3,5,5,"355","Loyal Customers"
13555,78,4,4149.28,2,4,5,"245","At Risk"
13557,33,2,584.06,4,2,3,"423","New Customers"
13558,10,4,605.06,5,4,3,"543","Loyal Customers"
13560,12,1,174.37,5,1,1,"511","New Customers"
13561,220,1,141.86,1,1,1,"111","Lost"
13562,86,3,1799.33,2,3,4,"234","Others"
13563,89,2,777.53,2,2,3,"223","Lost"
13564,149,5,647.74,2,4,3,"243","At Risk"
13565,24,2,240.22,4,2,2,"422","New Customers"
13566,45,2,874.71,3,2,3,"323","Others"
13568,178,1,192.85,2,1,1,"211","Lost"
13569,22,2,373.75,4,2,2,"422","New Customers"
13570,248,1,239.49,1,1,2,"112","Lost"
13571,17,12,2092.32,4,5,5,"455","Champions"
13572,210,1,1384.25,1,1,4,"114","Lost"
13573,55,2,294.4,3,2,2,"322","Others"
13575,28,5,732.07,4,4,3,"443","Loyal Customers"
13576,15,20,6703.3,5,5,5,"555","Champions"
13577,30,5,1658.3,4,4,4,"444","Champions"
13579,19,2,467.04,4,2,3,"423","New Customers"
13581,314,1,118,1,1,1,"111","Lost"
13583,160,1,781.03,2,1,3,"213","Lost"
13584,311,1,142.4,1,1,1,"111","Lost"
13587,36,3,347,3,3,2,"332","Loyal Customers"
13588,20,13,2445.12,4,5,5,"455","Champions"
13589,19,2,379.65,4,2,2,"422","New Customers"
13590,16,7,1976.12,4,5,4,"454","Champions"
13591,69,3,1117.13,3,3,4,"334","Loyal Customers"
13592,40,4,247.96,3,4,2,"342","Loyal Customers"
13593,113,6,1990.28,2,4,4,"244","At Risk"
13594,57,1,396.97,3,1,2,"312","Others"
13596,10,2,697.04,5,2,3,"523","New Customers"
13598,52,2,167.42,3,2,1,"321","Others"
13599,6,33,5030.6,5,5,5,"555","Champions"
13600,317,1,219.52,1,1,1,"111","Lost"
13601,50,2,693.32,3,2,3,"323","Others"
13602,69,1,428.89,3,1,2,"312","Others"
13603,31,1,164.34,4,1,1,"411","New Customers"
13606,34,3,280.54,4,3,2,"432","Loyal Customers"
13607,45,1,678.01,3,1,3,"313","Others"
13610,17,9,1115.43,4,5,4,"454","Champions"
13611,94,4,1158.2,2,4,4,"244","At Risk"
13614,29,4,1610.46,4,4,4,"444","Champions"
13615,317,2,399.99,1,2,2,"122","Lost"
13617,45,3,544.18,3,3,3,"333","Loyal Customers"
13618,178,1,177.34,2,1,1,"211","Lost"
13621,121,1,213.85,2,1,1,"211","Lost"
13623,35,7,672.44,4,5,3,"453","Loyal Customers"
13626,257,1,257.23,1,1,2,"112","Lost"
13627,64,7,1624.02,3,5,4,"354","Loyal Customers"
13629,28,11,7792.36,4,5,5,"455","Champions"
13630,10,11,1995.68,5,5,4,"554","Champions"
13631,104,12,3021.77,2,5,5,"255","At Risk"
13632,29,6,2117.02,4,4,5,"445","Champions"
13634,38,5,1575.16,3,4,4,"344","Loyal Customers"
13635,72,1,1071.03,3,1,4,"314","Others"
13636,41,6,941.62,3,4,4,"344","Loyal Customers"
13637,57,3,810.5,3,3,3,"333","Loyal Customers"
13638,20,1,122.64,4,1,1,"411","New Customers"
13639,79,1,1033.34,2,1,4,"214","Lost"
13642,220,1,354.8,1,1,2,"112","Lost"
13643,36,3,519.44,3,3,3,"333","Loyal Customers"
13644,13,5,2597.52,5,4,5,"545","Champions"
13645,125,1,252.1,2,1,2,"212","Lost"
13647,14,5,1670.22,5,4,4,"544","Champions"
13649,261,2,346.6,1,2,2,"122","Lost"
13650,21,7,1809.34,4,5,4,"454","Champions"
13651,40,2,94.2,3,2,1,"321","Others"
13652,50,3,1095.08,3,3,4,"334","Loyal Customers"
13654,48,6,2707.33,3,4,5,"345","Loyal Customers"
13655,119,2,932.97,2,2,4,"224","Lost"
13656,169,2,379.65,2,2,2,"222","Lost"
13657,15,2,382.14,5,2,2,"522","New Customers"
13658,14,7,2421.47,5,5,5,"555","Champions"
13659,202,3,1550.85,1,3,4,"134","Others"
13662,90,7,879.08,2,5,3,"253","At Risk"
13663,184,1,189.47,1,1,1,"111","Lost"
13666,65,3,84.65,3,3,1,"331","Loyal Customers"
13667,154,1,305.02,2,1,2,"212","Lost"
13668,7,29,6216.07,5,5,5,"555","Champions"
13669,55,2,218.55,3,2,1,"321","Others"
13670,80,1,349.7,2,1,2,"212","Lost"
13672,306,6,-71.46,1,4,1,"141","At Risk"
13673,23,2,396.92,4,2,2,"422","New Customers"
13675,156,2,486.82,2,2,3,"223","Lost"
13678,156,1,232.6,2,1,1,"211","Lost"
13680,6,5,2202.31,5,4,5,"545","Champions"
13681,22,4,827.83,4,4,3,"443","Loyal Customers"
13682,192,1,59.5,1,1,1,"111","Lost"
13684,290,2,64.23,1,2,1,"121","Lost"
13685,7,7,3119.44,5,5,5,"555","Champions"
13686,187,1,72,1,1,1,"111","Lost"
13689,68,1,910,3,1,4,"314","Others"
13690,64,1,172.25,3,1,1,"311","Others"
13692,29,5,1466.87,4,4,4,"444","Champions"
13693,330,2,-32,1,2,1,"121","Lost"
13694,8,60,62653.1,5,5,5,"555","Champions"
13695,36,15,2504.13,3,5,5,"355","Loyal Customers"
13697,43,1,151.3,3,1,1,"311","Others"
13699,160,1,308.58,2,1,2,"212","Lost"
13700,31,10,2265.12,4,5,5,"455","Champions"
13703,323,1,99.5,1,1,1,"111","Lost"
13704,10,10,2295.31,5,5,5,"555","Champions"
13705,12,3,711.86,5,3,3,"533","Loyal Customers"
13706,307,1,330.79,1,1,2,"112","Lost"
13707,272,2,806.41,1,2,3,"123","Lost"
13708,276,1,296.88,1,1,2,"112","Lost"
13709,8,17,6249.11,5,5,5,"555","Champions"
13710,36,1,180.48,3,1,1,"311","Others"
13711,223,2,252.06,1,2,2,"122","Lost"
13712,251,1,228.84,1,1,1,"111","Lost"
13715,286,8,1053.94,1,5,4,"154","At Risk"
13716,274,1,138.28,1,1,1,"111","Lost"
13717,37,7,1432.26,3,5,4,"354","Loyal Customers"
13718,251,2,306.55,1,2,2,"122","Lost"
13719,20,5,1041.68,4,4,4,"444","Champions"
13720,121,4,799.9,2,4,3,"243","At Risk"
13721,41,1,524.14,3,1,3,"313","Others"
13722,125,4,2369.16,2,4,5,"245","At Risk"
13723,222,1,199.85,1,1,1,"111","Lost"
13725,54,11,1809.81,3,5,4,"354","Loyal Customers"
13726,43,2,1079.66,3,2,4,"324","Others"
13727,33,2,333.48,4,2,2,"422","New Customers"
13728,41,6,1016.14,3,4,4,"344","Loyal Customers"
13730,140,2,752.6,2,2,3,"223","Lost"
13731,224,2,610.59,1,2,3,"123","Lost"
13732,33,1,491.86,4,1,3,"413","New Customers"
13735,29,8,2766.18,4,5,5,"455","Champions"
13736,10,3,724,5,3,3,"533","Loyal Customers"
13737,205,1,339.6,1,1,2,"112","Lost"
13739,23,1,216.9,4,1,1,"411","New Customers"
13740,245,1,350.75,1,1,2,"112","Lost"
13741,76,4,666.33,2,4,3,"243","At Risk"
13742,21,14,3102.42,4,5,5,"455","Champions"
13743,7,8,1340.15,5,5,4,"554","Champions"
13744,100,2,1156.36,2,2,4,"224","Lost"
13745,156,2,291.54,2,2,2,"222","Lost"
13747,378,1,79.6,1,1,1,"111","Lost"
13748,100,5,948.25,2,4,4,"244","At Risk"
13750,58,5,1647.26,3,4,4,"344","Loyal Customers"
13751,293,1,296.25,1,1,2,"112","Lost"
13752,129,6,1186.28,2,4,4,"244","At Risk"
13753,292,1,741.26,1,1,3,"113","Lost"
13754,156,2,282.6,2,2,2,"222","Lost"
13755,8,10,2154.68,5,5,5,"555","Champions"
13756,7,15,5145.12,5,5,5,"555","Champions"
13758,16,7,3190.55,4,5,5,"455","Champions"
13759,38,2,659.41,3,2,3,"323","Others"
13760,59,2,286.79,3,2,2,"322","Others"
13761,55,2,1070.65,3,2,4,"324","Others"
13762,209,2,0,1,2,1,"121","Lost"
13763,68,3,1689.46,3,3,4,"334","Loyal Customers"
13764,75,3,1521.76,3,3,4,"334","Loyal Customers"
13767,7,52,16945.71,5,5,5,"555","Champions"
13769,7,16,2771.87,5,5,5,"555","Champions"
13771,69,5,2631.7,3,4,5,"345","Loyal Customers"
13772,38,3,1132.13,3,3,4,"334","Loyal Customers"
13774,86,1,345,2,1,2,"212","Lost"
13777,5,41,25748.35,5,5,5,"555","Champions"
13778,108,1,178.7,2,1,1,"211","Lost"
13780,12,2,360.01,5,2,2,"522","New Customers"
13781,255,1,127.84,1,1,1,"111","Lost"
13782,17,6,912,4,4,4,"444","Champions"
13784,14,11,2462.79,5,5,5,"555","Champions"
13786,372,1,230.4,1,1,1,"111","Lost"
13787,80,2,309.04,2,2,2,"222","Lost"
13790,9,1,348.8,5,1,2,"512","New Customers"
13791,48,3,1047.68,3,3,4,"334","Loyal Customers"
13792,71,2,195.55,3,2,1,"321","Others"
13798,6,63,36351.42,5,5,5,"555","Champions"
13799,121,2,688.86,2,2,3,"223","Lost"
13800,314,1,558.32,1,1,3,"113","Lost"
13801,71,1,324.8,3,1,2,"312","Others"
13802,143,6,3906.27,2,4,5,"245","At Risk"
13803,260,1,277.07,1,1,2,"112","Lost"
13804,35,7,2635.79,4,5,5,"455","Champions"
13805,57,2,924.6,3,2,4,"324","Others"
13806,68,1,256.38,3,1,2,"312","Others"
13807,372,1,112.6,1,1,1,"111","Lost"
13808,10,5,1747.66,5,4,4,"544","Champions"
13809,310,1,155.05,1,1,1,"111","Lost"
13810,33,4,899.51,4,4,3,"443","Loyal Customers"
13811,188,4,591.75,1,4,3,"143","At Risk"
13812,47,3,539,3,3,3,"333","Loyal Customers"
13813,44,5,1353.41,3,4,4,"344","Loyal Customers"
13814,61,3,1562.12,3,3,4,"334","Loyal Customers"
13815,27,5,4014.91,4,4,5,"445","Champions"
13816,28,4,555.04,4,4,3,"443","Loyal Customers"
13817,34,2,382.98,4,2,2,"422","New Customers"
13819,306,3,1140.35,1,3,4,"134","Others"
13821,149,2,385.64,2,2,2,"222","Lost"
13822,10,2,632,5,2,3,"523","New Customers"
13823,23,2,957.66,4,2,4,"424","New Customers"
13824,37,5,1698.94,3,4,4,"344","Loyal Customers"
13826,163,2,174.65,2,2,1,"221","Lost"
13827,62,3,412.05,3,3,2,"332","Loyal Customers"
13828,27,1,209.49,4,1,1,"411","New Customers"
13829,364,1,-102,1,1,1,"111","Lost"
13831,21,6,2202.99,4,4,5,"445","Champions"
13832,22,2,40.95,4,2,1,"421","New Customers"
13833,164,1,384.8,2,1,2,"212","Lost"
13835,30,4,834.57,4,4,3,"443","Loyal Customers"
13837,216,2,271.24,1,2,2,"122","Lost"
13838,10,4,691.73,5,4,3,"543","Loyal Customers"
13841,257,1,85,1,1,1,"111","Lost"
13842,63,9,3385.62,3,5,5,"355","Loyal Customers"
13844,16,1,361.62,4,1,2,"412","New Customers"
13845,69,1,312.98,3,1,2,"312","Others"
13846,29,4,847.61,4,4,3,"443","Loyal Customers"
13848,97,3,1255,2,3,4,"234","Others"
13849,56,2,1537.95,3,2,4,"324","Others"
13850,93,2,1586.81,2,2,4,"224","Lost"
13851,100,3,2651.46,2,3,5,"235","Others"
13853,13,2,1056.94,5,2,4,"524","New Customers"
13854,13,29,8025.02,5,5,5,"555","Champions"
13856,173,5,363.4,2,4,2,"242","At Risk"
13858,62,1,216.17,3,1,1,"311","Others"
13859,331,1,201.16,1,1,1,"111","Lost"
13860,6,6,1240,5,4,4,"544","Champions"
13862,23,10,2187.31,4,5,5,"455","Champions"
13863,250,2,299.56,1,2,2,"122","Lost"
13865,63,4,501.56,3,4,3,"343","Loyal Customers"
13866,79,1,145.67,2,1,1,"211","Lost"
13867,36,3,1015.29,3,3,4,"334","Loyal Customers"
13868,12,2,3192.54,5,2,5,"525","New Customers"
13869,128,4,3104.95,2,4,5,"245","At Risk"
13870,7,10,2751.25,5,5,5,"555","Champions"
13871,27,14,6389.8,4,5,5,"455","Champions"
13873,124,4,381.7,2,4,2,"242","At Risk"
13874,363,1,540.45,1,1,3,"113","Lost"
13875,58,5,1786.79,3,4,4,"344","Loyal Customers"
13876,68,1,122.7,3,1,1,"311","Others"
13877,91,1,117.24,2,1,1,"211","Lost"
13878,59,1,1281.53,3,1,4,"314","Others"
13880,26,13,3219.77,4,5,5,"455","Champions"
13881,8,22,16989.52,5,5,5,"555","Champions"
13882,7,6,1131.28,5,4,4,"544","Champions"
13883,6,9,2538.75,5,5,5,"555","Champions"
13884,12,6,781.3,5,4,3,"543","Loyal Customers"
13885,194,2,506.8,1,2,3,"123","Lost"
13886,76,1,243.56,2,1,2,"212","Lost"
13887,209,1,349.55,1,1,2,"112","Lost"
13888,124,2,605.63,2,2,3,"223","Lost"
13889,97,1,416.9,2,1,2,"212","Lost"
13890,6,14,1860.86,5,5,4,"554","Champions"
13892,31,4,632.97,4,4,3,"443","Loyal Customers"
13893,302,1,821.1,1,1,3,"113","Lost"
13894,27,5,535.97,4,4,3,"443","Loyal Customers"
13895,26,5,2588.12,4,4,5,"445","Champions"
13897,55,1,311.16,3,1,2,"312","Others"
13898,330,1,155.93,1,1,1,"111","Lost"
13899,21,2,388.52,4,2,2,"422","New Customers"
13900,188,3,740.95,1,3,3,"133","Others"
13901,77,5,2867.2,2,4,5,"245","At Risk"
13904,42,2,332.64,3,2,2,"322","Others"
13908,84,5,2347.05,2,4,5,"245","At Risk"
13911,62,9,2580.91,3,5,5,"355","Loyal Customers"
13914,8,3,613.95,5,3,3,"533","Loyal Customers"
13917,54,2,272.04,3,2,2,"322","Others"
13918,54,2,1212.84,3,2,4,"324","Others"
13919,58,3,350.16,3,3,2,"332","Loyal Customers"
13922,356,1,172.25,1,1,1,"111","Lost"
13923,58,1,351.13,3,1,2,"312","Others"
13924,6,11,1682.08,5,5,4,"554","Champions"
13925,41,6,616.65,3,4,3,"343","Loyal Customers"
13926,28,1,223.85,4,1,1,"411","New Customers"
13927,79,1,348.99,2,1,2,"212","Lost"
13928,15,4,464.57,5,4,2,"542","Loyal Customers"
13929,174,3,802.85,2,3,3,"233","Others"
13930,62,2,337.34,3,2,2,"322","Others"
13931,90,3,1230.93,2,3,4,"234","Others"
13932,299,1,307.4,1,1,2,"112","Lost"
13933,114,2,608.79,2,2,3,"223","Lost"
13934,268,1,922.1,1,1,4,"114","Lost"
13936,176,2,361.28,2,2,2,"222","Lost"
13937,174,1,158.85,2,1,1,"211","Lost"
13938,40,1,71.66,3,1,1,"311","Others"
13939,28,4,556.75,4,4,3,"443","Loyal Customers"
13940,22,4,839.14,4,4,3,"443","Loyal Customers"
13941,26,7,4912.41,4,5,5,"455","Champions"
13946,84,3,561.57,2,3,3,"233","Others"
13947,70,1,90.6,3,1,1,"311","Others"
13948,365,1,102,1,1,1,"111","Lost"
13949,7,6,2427.32,5,4,5,"545","Champions"
13950,16,5,728.56,4,4,3,"443","Loyal Customers"
13951,181,3,674.45,2,3,3,"233","Others"
13952,216,3,3246.091,1,3,5,"135","Others"
13953,12,7,3515.68,5,5,5,"555","Champions"
13954,6,3,378.59,5,3,2,"532","Loyal Customers"
13955,159,2,322.96,2,2,2,"222","Lost"
13956,10,5,1026.42,5,4,4,"544","Champions"
13958,377,1,-102.45,1,1,1,"111","Lost"
13959,84,3,598.2,2,3,3,"233","Others"
13960,26,2,230.22,4,2,1,"421","New Customers"
13962,26,2,169.55,4,2,1,"421","New Customers"
13963,313,4,664.54,1,4,3,"143","At Risk"
13967,150,1,80.7,2,1,1,"211","Lost"
13969,12,20,8986.69,5,5,5,"555","Champions"
13971,13,11,2702.22,5,5,5,"555","Champions"
13972,75,2,190.25,3,2,1,"321","Others"
13973,292,1,264.7,1,1,2,"112","Lost"
13974,54,1,413.59,3,1,2,"312","Others"
13975,36,7,2503.23,3,5,5,"355","Loyal Customers"
13976,211,1,357.98,1,1,2,"112","Lost"
13978,19,2,196.79,4,2,1,"421","New Customers"
13979,78,1,869.87,2,1,3,"213","Lost"
13980,65,1,200.14,3,1,1,"311","Others"
13982,44,5,1861.11,3,4,4,"344","Loyal Customers"
13983,34,13,2590.46,4,5,5,"455","Champions"
13984,31,6,488.03,4,4,3,"443","Loyal Customers"
13985,9,16,7024.53,5,5,5,"555","Champions"
13986,22,1,320.46,4,1,2,"412","New Customers"
13988,24,9,4098.8,4,5,5,"455","Champions"
13989,70,2,1266.08,3,2,4,"324","Others"
13990,218,1,311.3,1,1,2,"112","Lost"
13991,17,7,850.63,4,5,3,"453","Loyal Customers"
13992,35,1,76.8,4,1,1,"411","New Customers"
13993,37,12,3409.66,3,5,5,"355","Loyal Customers"
13994,8,6,2313.14,5,4,5,"545","Champions"
13995,20,6,1383.49,4,4,4,"444","Champions"
13999,15,15,3865.26,5,5,5,"555","Champions"
14000,211,2,633.71,1,2,3,"123","Lost"
14001,50,4,2030.33,3,4,5,"345","Loyal Customers"
14002,139,2,529.73,2,2,3,"223","Lost"
14004,48,7,4582.64,3,5,5,"355","Loyal Customers"
14005,14,5,2874.72,5,4,5,"545","Champions"
14006,120,3,962.19,2,3,4,"234","Others"
14009,203,3,685.93,1,3,3,"133","Others"
14012,282,1,328.8,1,1,2,"112","Lost"
14013,115,3,473.02,2,3,3,"233","Others"
14014,82,1,505.18,2,1,3,"213","Lost"
14015,57,1,917.34,3,1,4,"314","Others"
14016,159,5,4328.46,2,4,5,"245","At Risk"
14019,51,4,1398.96,3,4,4,"344","Loyal Customers"
14020,21,2,642.8,4,2,3,"423","New Customers"
14021,160,3,631.9,2,3,3,"233","Others"
14022,230,1,440,1,1,2,"112","Lost"
14023,12,2,584.07,5,2,3,"523","New Customers"
14024,126,2,327.7,2,2,2,"222","Lost"
14027,65,1,104.82,3,1,1,"311","Others"
14029,68,2,467.66,3,2,3,"323","Others"
14030,23,8,2360.09,4,5,5,"455","Champions"
14031,12,23,14634.64,5,5,5,"555","Champions"
14032,7,18,2929.84,5,5,5,"555","Champions"
14034,27,4,512.02,4,4,3,"443","Loyal Customers"
14035,33,5,1428.02,4,4,4,"444","Champions"
14036,289,1,626.65,1,1,3,"113","Lost"
14037,181,2,147.2,2,2,1,"221","Lost"
14038,83,4,1554.48,2,4,4,"244","At Risk"
14039,38,1,152.2,3,1,1,"311","Others"
14040,45,15,3542.19,3,5,5,"355","Loyal Customers"
14041,271,1,141.41,1,1,1,"111","Lost"
14044,31,4,652.82,4,4,3,"443","Loyal Customers"
14045,114,4,1659.75,2,4,4,"244","At Risk"
14046,289,1,154.99,1,1,1,"111","Lost"
14047,13,7,1290.01,5,5,4,"554","Champions"
14048,282,2,375.13,1,2,2,"122","Lost"
14049,21,6,5639.15,4,4,5,"445","Champions"
14050,36,2,746.36,3,2,3,"323","Others"
14051,5,26,15477.34,5,5,5,"555","Champions"
14052,24,1,225.36,4,1,1,"411","New Customers"
14053,129,2,260.25,2,2,2,"222","Lost"
14054,70,1,92.46,3,1,1,"311","Others"
14055,111,1,725.64,2,1,3,"213","Lost"
14056,6,29,8124.4,5,5,5,"555","Champions"
14057,28,18,6147.4,4,5,5,"455","Champions"
14059,271,1,183.6,1,1,1,"111","Lost"
14060,9,20,6135.38,5,5,5,"555","Champions"
14062,14,12,10464.85,5,5,5,"555","Champions"
14064,34,7,1188.32,4,5,4,"454","Champions"
14066,271,1,152.55,1,1,1,"111","Lost"
14067,68,2,374.7,3,2,2,"322","Others"
14068,325,1,265.85,1,1,2,"112","Lost"
14071,8,9,1307.41,5,5,4,"554","Champions"
14073,26,2,139.54,4,2,1,"421","New Customers"
14075,9,3,942.26,5,3,4,"534","Loyal Customers"
14076,134,1,122.47,2,1,1,"211","Lost"
14077,45,5,499.42,3,4,3,"343","Loyal Customers"
14078,106,6,1049.37,2,4,4,"244","At Risk"
14079,129,1,375.1,2,1,2,"212","Lost"
14080,37,1,45.6,3,1,1,"311","Others"
14081,272,4,904.67,1,4,3,"143","At Risk"
14082,369,1,182.25,1,1,1,"111","Lost"
14083,9,9,1018.43,5,5,4,"554","Champions"
14085,7,19,4435.79,5,5,5,"555","Champions"
14087,7,2,181.67,5,2,1,"521","New Customers"
14088,15,14,50415.49,5,5,5,"555","Champions"
14089,61,1,161,3,1,1,"311","Others"
14090,329,1,76.32,1,1,1,"111","Lost"
14092,12,17,4063.1,5,5,5,"555","Champions"
14093,17,1,442.85,4,1,2,"412","New Customers"
14096,9,34,57120.91,5,5,5,"555","Champions"
14098,41,1,147.35,3,1,1,"311","Others"
14099,21,12,3092.97,4,5,5,"455","Champions"
14100,142,1,194.9,2,1,1,"211","Lost"
14101,78,6,5976.79,2,4,5,"245","At Risk"
14102,10,8,1314.73,5,5,4,"554","Champions"
14104,159,2,216.21,2,2,1,"221","Lost"
14105,90,2,1260.33,2,2,4,"224","Lost"
14107,56,8,2688.48,3,5,5,"355","Loyal Customers"
14108,35,3,594.16,4,3,3,"433","Loyal Customers"
14109,28,2,80.2,4,2,1,"421","New Customers"
14110,8,13,5669.65,5,5,5,"555","Champions"
14111,19,5,688.6,4,4,3,"443","Loyal Customers"
14112,27,12,2774.17,4,5,5,"455","Champions"
14113,8,8,1377.92,5,5,4,"554","Champions"
14114,278,2,386.53,1,2,2,"122","Lost"
14116,24,5,1382.74,4,4,4,"444","Champions"
14117,148,1,90,2,1,1,"211","Lost"
14119,359,1,-19.9,1,1,1,"111","Lost"
14121,8,6,2740.3,5,4,5,"545","Champions"
14124,89,1,419.58,2,1,2,"212","Lost"
14125,15,3,2740.43,5,3,5,"535","Loyal Customers"
14126,12,4,643.63,5,4,3,"543","Loyal Customers"
14127,127,3,709.71,2,3,3,"233","Others"
14128,65,2,637.5,3,2,3,"323","Others"
14129,6,5,1123.86,5,4,4,"544","Champions"
14130,324,1,483.86,1,1,3,"113","Lost"
14132,7,12,3580.13,5,5,5,"555","Champions"
14133,134,5,590.34,2,4,3,"243","At Risk"
14135,6,15,4690.31,5,5,5,"555","Champions"
14138,6,2,982.38,5,2,4,"524","New Customers"
14139,51,1,415.82,3,1,2,"312","Others"
14140,8,3,920.05,5,3,4,"534","Loyal Customers"
14141,7,6,879.03,5,4,3,"543","Loyal Customers"
14142,378,1,311.81,1,1,2,"112","Lost"
14143,138,1,115.8,2,1,1,"211","Lost"
14145,51,5,3148.2,3,4,5,"345","Loyal Customers"
14146,13,6,2949.57,5,4,5,"545","Champions"
14147,54,3,468.4,3,3,3,"333","Loyal Customers"
14148,238,1,157.2,1,1,1,"111","Lost"
14149,217,3,259.43,1,3,2,"132","Others"
14150,40,2,658.64,3,2,3,"323","Others"
14152,80,3,611.09,2,3,3,"233","Others"
14154,244,2,1345.62,1,2,4,"124","Lost"
14155,271,1,118.75,1,1,1,"111","Lost"
14156,14,66,113384.14,5,5,5,"555","Champions"
14157,24,3,400.43,4,3,2,"432","Loyal Customers"
14158,45,1,507.66,3,1,3,"313","Others"
14159,24,14,4678.3,4,5,5,"455","Champions"
14161,220,3,1110.52,1,3,4,"134","Others"
14162,178,2,289.36,2,2,2,"222","Lost"
14163,92,4,2445.91,2,4,5,"245","At Risk"
14164,75,2,1631.77,3,2,4,"324","Others"
14165,280,1,122.54,1,1,1,"111","Lost"
14167,44,4,574.84,3,4,3,"343","Loyal Customers"
14171,103,1,363.79,2,1,2,"212","Lost"
14173,15,4,450.84,5,4,2,"542","Loyal Customers"
14174,38,1,134.46,3,1,1,"311","Others"
14175,56,7,3108.06,3,5,5,"355","Loyal Customers"
14176,302,5,574,1,4,3,"143","At Risk"
14177,89,5,554.46,2,4,3,"243","At Risk"
14178,13,7,1620.93,5,5,4,"554","Champions"
14179,45,2,719.78,3,2,3,"323","Others"
14180,15,31,4640.77,5,5,5,"555","Champions"
14184,71,1,452.89,3,1,2,"312","Others"
14185,336,1,197.65,1,1,1,"111","Lost"
14188,13,10,2018.91,5,5,5,"555","Champions"
14189,7,24,4604.31,5,5,5,"555","Champions"
14191,6,14,4660.01,5,5,5,"555","Champions"
14193,72,2,853.39,3,2,3,"323","Others"
14194,9,32,11216.75,5,5,5,"555","Champions"
14195,206,3,962.7,1,3,4,"134","Others"
14196,111,1,335.52,2,1,2,"212","Lost"
14198,9,7,663.5,5,5,3,"553","Loyal Customers"
14199,223,1,185.4,1,1,1,"111","Lost"
14201,65,9,688.04,3,5,3,"353","Loyal Customers"
14204,7,1,161.03,5,1,1,"511","New Customers"
14205,15,4,218.78,5,4,1,"541","Loyal Customers"
14206,244,2,308.26,1,2,2,"122","Lost"
14208,99,1,151.74,2,1,1,"211","Lost"
14209,15,7,2067.13,5,5,5,"555","Champions"
14210,96,7,1900.89,2,5,4,"254","At Risk"
14211,58,13,2208.3,3,5,5,"355","Loyal Customers"
14212,94,1,1070.48,2,1,4,"214","Lost"
14213,376,1,-1192.2,1,1,1,"111","Lost"
14214,35,7,1000.23,4,5,4,"454","Champions"
14215,16,7,1777.92,4,5,4,"454","Champions"
14216,8,4,1839.3,5,4,4,"544","Champions"
14217,6,24,1925.36,5,5,4,"554","Champions"
14218,47,1,169.48,3,1,1,"311","Others"
14219,9,1,89.94,5,1,1,"511","New Customers"
14220,252,2,632.4,1,2,3,"123","Lost"
14221,47,10,3427.85,3,5,5,"355","Loyal Customers"
14222,182,1,683.17,2,1,3,"213","Lost"
14223,97,4,975.23,2,4,4,"244","At Risk"
14224,115,4,1050.12,2,4,4,"244","At Risk"
14226,33,7,2201.64,4,5,5,"455","Champions"
14227,31,15,3315.71,4,5,5,"455","Champions"
14229,56,5,1450.6,3,4,4,"344","Loyal Customers"
14231,184,5,822.06,1,4,3,"143","At Risk"
14232,36,8,2043.93,3,5,5,"355","Loyal Customers"
14233,48,5,1447.51,3,4,4,"344","Loyal Customers"
14234,27,4,775.46,4,4,3,"443","Loyal Customers"
14235,15,6,3093.86,5,4,5,"545","Champions"
14236,85,2,490.86,2,2,3,"223","Lost"
14237,378,1,161,1,1,1,"111","Lost"
14238,331,1,146.85,1,1,1,"111","Lost"
14239,48,13,2323.5,3,5,5,"355","Loyal Customers"
14240,35,2,890.34,4,2,3,"423","New Customers"
14241,188,1,213.7,1,1,1,"111","Lost"
14242,239,2,280.55,1,2,2,"122","Lost"
14243,13,14,2535.88,5,5,5,"555","Champions"
14245,181,5,1677.48,2,4,4,"244","At Risk"
14246,115,3,1474.06,2,3,4,"234","Others"
14247,283,1,136.77,1,1,1,"111","Lost"
14248,323,1,302.58,1,1,2,"112","Lost"
14250,12,3,1904.05,5,3,4,"534","Loyal Customers"
14251,6,5,2879.7,5,4,5,"545","Champions"
14256,259,3,935.06,1,3,4,"134","Others"
14257,56,6,3087.27,3,4,5,"345","Loyal Customers"
14258,14,10,12650.08,5,5,5,"555","Champions"
14259,146,1,120,2,1,1,"211","Lost"
14261,55,2,1163.45,3,2,4,"324","Others"
14262,13,8,2618.23,5,5,5,"555","Champions"
14264,159,3,319.47,2,3,2,"232","Others"
14265,114,2,530.18,2,2,3,"223","Lost"
14267,155,7,1279.09,2,5,4,"254","At Risk"
14270,336,1,492.65,1,1,3,"113","Lost"
14271,230,1,112.32,1,1,1,"111","Lost"
14272,78,2,437.96,2,2,2,"222","Lost"
14273,56,4,559.97,3,4,3,"343","Loyal Customers"
14276,93,5,1019.39,2,4,4,"244","At Risk"
14277,20,4,3957,4,4,5,"445","Champions"
14280,201,1,134.04,1,1,1,"111","Lost"
14282,8,15,3729.34,5,5,5,"555","Champions"
14284,35,3,578.45,4,3,3,"433","Loyal Customers"
14285,26,4,1910.01,4,4,4,"444","Champions"
14286,28,5,4595.81,4,4,5,"445","Champions"
14287,13,4,151.23,5,4,1,"541","Loyal Customers"
14288,217,2,413.85,1,2,2,"122","Lost"
14289,13,6,911.26,5,4,4,"544","Champions"
14290,16,6,2307.45,4,4,5,"445","Champions"
14291,6,12,3873.3,5,5,5,"555","Champions"
14292,12,14,4819.33,5,5,5,"555","Champions"
14293,8,4,1046.56,5,4,4,"544","Champions"
14295,45,2,154.7,3,2,1,"321","Others"
14297,22,6,1284.06,4,4,4,"444","Champions"
14298,8,45,50862.44,5,5,5,"555","Champions"
14299,13,18,2855.35,5,5,5,"555","Champions"
14300,23,1,43.2,4,1,1,"411","New Customers"
14301,112,2,632.04,2,2,3,"223","Lost"
14304,227,2,197.1,1,2,1,"121","Lost"
14305,76,5,1803.76,2,4,4,"244","At Risk"
14306,56,3,2083.42,3,3,5,"335","Loyal Customers"
14307,93,6,2995.72,2,4,5,"245","At Risk"
14309,13,10,2319.68,5,5,5,"555","Champions"
14311,230,2,229.71,1,2,1,"121","Lost"
14312,51,6,1611.59,3,4,4,"344","Loyal Customers"
14314,111,1,120,2,1,1,"211","Lost"
14315,26,7,2456.98,4,5,5,"455","Champions"
14317,69,1,508.58,3,1,3,"313","Others"
14320,211,3,343.11,1,3,2,"132","Others"
14321,15,5,1530.75,5,4,4,"544","Champions"
14323,119,4,574.26,2,4,3,"243","At Risk"
14326,239,2,166.85,1,2,1,"121","Lost"
14327,168,1,311.65,2,1,2,"212","Lost"
14329,13,14,4928.74,5,5,5,"555","Champions"
14331,129,2,462.66,2,2,2,"222","Lost"
14332,27,3,866.31,4,3,3,"433","Loyal Customers"
14333,69,2,351.45,3,2,2,"322","Others"
14334,21,9,2539.46,4,5,5,"455","Champions"
14335,21,2,468.26,4,2,3,"423","New Customers"
14336,21,4,1614.91,4,4,4,"444","Champions"
14338,163,4,554.22,2,4,3,"243","At Risk"
14339,239,4,289.91,1,4,2,"142","At Risk"
14340,223,1,134.7,1,1,1,"111","Lost"
14341,50,9,2166.38,3,5,5,"355","Loyal Customers"
14342,26,6,607.71,4,4,3,"443","Loyal Customers"
14344,132,8,889.93,2,5,3,"253","At Risk"
14345,43,1,108.98,3,1,1,"311","Others"
14346,125,2,1021.58,2,2,4,"224","Lost"
14348,265,1,409.57,1,1,2,"112","Lost"
14349,15,1,133.5,5,1,1,"511","New Customers"
14350,275,2,258.7,1,2,2,"122","Lost"
14351,169,1,51,2,1,1,"211","Lost"
14352,162,4,1078.96,2,4,4,"244","At Risk"
14353,220,1,90.6,1,1,1,"111","Lost"
14354,10,2,163.62,5,2,1,"521","New Customers"
14355,370,1,174.4,1,1,1,"111","Lost"
14356,65,4,666.94,3,4,3,"343","Loyal Customers"
14357,48,1,225.77,3,1,1,"311","Others"
14359,24,6,882.58,4,4,3,"443","Loyal Customers"
14360,36,4,2128.23,4,4,5,"445","Champions"
14362,27,1,161.2,4,1,1,"411","New Customers"
14364,113,8,3717.35,2,5,5,"255","At Risk"
14367,13,19,9167.82,5,5,5,"555","Champions"
14368,324,1,155,1,1,1,"111","Lost"
14371,300,1,100.5,1,1,1,"111","Lost"
14373,363,1,76.55,1,1,1,"111","Lost"
14375,190,1,257.68,1,1,2,"112","Lost"
14377,196,2,617.05,1,2,3,"123","Lost"
14379,49,2,348.1,3,2,2,"322","Others"
14381,57,1,202.68,3,1,1,"311","Others"
14382,31,1,626.07,4,1,3,"413","New Customers"
14383,43,3,1247.69,3,3,4,"334","Loyal Customers"
14385,14,3,202.11,5,3,1,"531","Loyal Customers"
14386,301,1,142.4,1,1,1,"111","Lost"
14387,37,3,1770.56,3,3,4,"334","Loyal Customers"
14388,13,10,3172.04,5,5,5,"555","Champions"
14389,13,5,999.72,5,4,4,"544","Champions"
14390,15,13,4592.47,5,5,5,"555","Champions"
14393,223,1,67.95,1,1,1,"111","Lost"
14395,7,12,3471.91,5,5,5,"555","Champions"
14396,70,2,487.99,3,2,3,"323","Others"
14397,5,23,2556.68,5,5,5,"555","Champions"
14400,146,2,559.7,2,2,3,"223","Lost"
14401,9,14,4039.98,5,5,5,"555","Champions"
14403,135,5,1426.31,2,4,4,"244","At Risk"
14404,38,7,1434.72,3,5,4,"354","Loyal Customers"
14406,124,1,156.75,2,1,1,"211","Lost"
14407,112,9,2111.08,2,5,5,"255","At Risk"
14408,15,7,2606.53,5,5,5,"555","Champions"
14409,76,7,1908.25,2,5,4,"254","At Risk"
14410,20,15,576.3,4,5,3,"453","Loyal Customers"
14411,315,1,1063,1,1,4,"114","Lost"
14412,40,3,761.33,3,3,3,"333","Loyal Customers"
14413,367,1,122.7,1,1,1,"111","Lost"
14414,96,8,1485.13,2,5,4,"254","At Risk"
14415,6,18,5811.56,5,5,5,"555","Champions"
14416,27,2,490.22,4,2,3,"423","New Customers"
14418,8,3,1937.25,5,3,4,"534","Loyal Customers"
14419,15,6,1058.06,5,4,4,"544","Champions"
14420,90,2,385.87,2,2,2,"222","Lost"
14421,62,2,813.11,3,2,3,"323","Others"
14422,5,6,4263.64,5,4,5,"545","Champions"
14423,223,1,265.2,1,1,2,"112","Lost"
14424,22,1,322.08,4,1,2,"412","New Customers"
14426,23,16,3918.9,4,5,5,"455","Champions"
14427,55,2,363.34,3,2,2,"322","Others"
14428,12,7,1230.14,5,5,4,"554","Champions"
14431,303,2,397.76,1,2,2,"122","Lost"
14432,14,6,2255.51,5,4,5,"545","Champions"
14434,26,6,1372.8,4,4,4,"444","Champions"
14436,103,1,89.06,2,1,1,"211","Lost"
14437,148,2,-43.4,2,2,1,"221","Lost"
14438,311,1,131.9,1,1,1,"111","Lost"
14439,324,1,2661.24,1,1,5,"115","Lost"
14440,13,5,2357.68,5,4,5,"545","Champions"
14441,5,10,1545.14,5,5,4,"554","Champions"
14442,6,5,1544.62,5,4,4,"544","Champions"
14443,58,7,1400.88,3,5,4,"354","Loyal Customers"
14446,5,4,1039.58,5,4,4,"544","Champions"
14447,23,5,1163.23,4,4,4,"444","Champions"
14448,14,2,375.35,5,2,2,"522","New Customers"
14449,23,4,907.1,4,4,3,"443","Loyal Customers"
14450,185,3,483.25,1,3,3,"133","Others"
14451,65,2,662.59,3,2,3,"323","Others"
14452,15,2,264.44,5,2,2,"522","New Customers"
14453,195,1,119.93,1,1,1,"111","Lost"
14456,10,14,3047.63,5,5,5,"555","Champions"
14457,315,1,113.64,1,1,1,"111","Lost"
14459,160,1,1837.92,2,1,4,"214","Lost"
14460,115,4,383.34,2,4,2,"242","At Risk"
14461,153,3,2103.06,2,3,5,"235","Others"
14462,68,15,1965.9,3,5,4,"354","Loyal Customers"
14463,103,3,529.62,2,3,3,"233","Others"
14465,251,3,1058.62,1,3,4,"134","Others"
14466,34,7,2272.4,4,5,5,"455","Champions"
14467,22,4,598.76,4,4,3,"443","Loyal Customers"
14470,16,2,461.19,4,2,2,"422","New Customers"
14472,108,8,1936.84,2,5,4,"254","At Risk"
14473,79,2,234.34,2,2,1,"221","Lost"
14474,48,2,537.71,3,2,3,"323","Others"
14475,76,6,799.82,2,4,3,"243","At Risk"
14476,262,1,215.7,1,1,1,"111","Lost"
14477,24,5,1307.81,4,4,4,"444","Champions"
14479,258,2,316.25,1,2,2,"122","Lost"
14480,16,1,279.05,4,1,2,"412","New Customers"
14481,169,2,636.51,2,2,3,"223","Lost"
14482,23,6,2068.15,4,4,5,"445","Champions"
14483,154,2,129.2,2,2,1,"221","Lost"
14484,55,1,321.92,3,1,2,"312","Others"
14485,43,1,165.75,3,1,1,"311","Others"
14487,31,7,1183.58,4,5,4,"454","Champions"
14488,56,2,1047.43,3,2,4,"324","Others"
14489,212,1,463.38,1,1,2,"112","Lost"
14491,180,2,340.93,2,2,2,"222","Lost"
14493,12,7,2362.84,5,5,5,"555","Champions"
14494,30,1,139.56,4,1,1,"411","New Customers"
14495,55,2,123.8,3,2,1,"321","Others"
14496,316,2,538.81,1,2,3,"123","Lost"
14497,306,2,457.47,1,2,2,"122","Lost"
14498,47,5,1957.32,3,4,4,"344","Loyal Customers"
14499,31,3,815.32,4,3,3,"433","Loyal Customers"
14500,93,3,356.85,2,3,2,"232","Others"
14501,69,3,190.31,3,3,1,"331","Loyal Customers"
14502,24,14,2351.02,4,5,5,"455","Champions"
14503,8,6,3543.26,5,4,5,"545","Champions"
14504,52,4,673.26,3,4,3,"343","Loyal Customers"
14505,22,11,5818.7,4,5,5,"455","Champions"
14506,22,5,2012.17,4,4,5,"445","Champions"
14507,28,7,1368.18,4,5,4,"454","Champions"
14508,27,2,276.42,4,2,2,"422","New Customers"
14511,16,6,1267.41,4,4,4,"444","Champions"
14512,192,2,275.28,1,2,2,"122","Lost"
14513,105,4,438.49,2,4,2,"242","At Risk"
14514,66,3,1055.35,3,3,4,"334","Loyal Customers"
14515,22,6,2102.09,4,4,5,"445","Champions"
14517,38,2,330.45,3,2,2,"322","Others"
14518,69,1,174.37,3,1,1,"311","Others"
14520,6,2,270.6,5,2,2,"522","New Customers"
14522,29,4,974.54,4,4,4,"444","Champions"
14523,113,1,241.09,2,1,2,"212","Lost"
14524,36,9,1867.68,4,5,4,"454","Champions"
14525,13,13,4221.37,5,5,5,"555","Champions"
14527,7,86,7711.38,5,5,5,"555","Champions"
14528,42,1,364.22,3,1,2,"312","Others"
14529,65,3,620.04,3,3,3,"333","Loyal Customers"
14530,30,6,2925.91,4,4,5,"445","Champions"
14532,241,4,932.85,1,4,4,"144","At Risk"
14533,29,9,1812.62,4,5,4,"454","Champions"
14534,7,25,4075.35,5,5,5,"555","Champions"
14535,64,4,2841.09,3,4,5,"345","Loyal Customers"
14536,264,1,171.8,1,1,1,"111","Lost"
14537,62,1,355.56,3,1,2,"312","Others"
14538,69,2,388.25,3,2,2,"322","Others"
14539,20,2,537.48,4,2,3,"423","New Customers"
14540,14,3,996.26,5,3,4,"534","Loyal Customers"
14541,63,8,1461.65,3,5,4,"354","Loyal Customers"
14542,190,1,103.25,1,1,1,"111","Lost"
14543,8,21,2916.17,5,5,5,"555","Champions"
14544,29,2,2024.45,4,2,5,"425","New Customers"
14546,9,9,2487.02,5,5,5,"555","Champions"
14547,8,9,3986.74,5,5,5,"555","Champions"
14548,155,2,652.8,2,2,3,"223","Lost"
14549,316,1,289.24,1,1,2,"112","Lost"
14550,15,2,765.62,5,2,3,"523","New Customers"
14551,23,2,186.23,4,2,1,"421","New Customers"
14552,156,1,165.07,2,1,1,"211","Lost"
14553,24,5,859.27,4,4,3,"443","Loyal Customers"
14554,15,4,2381.04,5,4,5,"545","Champions"
14555,62,2,324.14,3,2,2,"322","Others"
14557,69,2,0,3,2,1,"321","Others"
14560,12,24,2174.18,5,5,5,"555","Champions"
14561,80,3,1080.76,2,3,4,"234","Others"
14562,8,22,4709.22,5,5,5,"555","Champions"
14565,100,6,3073.77,2,4,5,"245","At Risk"
14566,115,1,1432,2,1,4,"214","Lost"
14567,40,3,1524.46,3,3,4,"334","Loyal Customers"
14569,6,1,227.39,5,1,1,"511","New Customers"
14570,285,2,218.06,1,2,1,"121","Lost"
14572,8,10,2803.69,5,5,5,"555","Champions"
14573,184,13,1603.72,1,5,4,"154","At Risk"
14576,377,1,35.4,1,1,1,"111","Lost"
14577,17,4,859.71,4,4,3,"443","Loyal Customers"
14578,8,1,168.63,5,1,1,"511","New Customers"
14581,21,1,138.6,4,1,1,"411","New Customers"
14582,45,1,114.11,3,1,1,"311","Others"
14583,10,5,1052.55,5,4,4,"544","Champions"
14584,174,5,1029.26,2,4,4,"244","At Risk"
14585,55,1,157.05,3,1,1,"311","Others"
14586,232,3,134.16,1,3,1,"131","Others"
14587,23,10,1598.24,4,5,4,"454","Champions"
14589,376,1,39.75,1,1,1,"111","Lost"
14591,20,4,1447.14,4,4,4,"444","Champions"
14592,40,3,570.46,3,3,3,"333","Loyal Customers"
14593,26,3,617.99,4,3,3,"433","Loyal Customers"
14594,12,2,379.83,5,2,2,"522","New Customers"
14595,24,6,1740.6,4,4,4,"444","Champions"
14597,16,2,883.15,4,2,3,"423","New Customers"
14598,49,1,221.97,3,1,1,"311","Others"
14600,310,1,393.33,1,1,2,"112","Lost"
14601,15,1,213.96,5,1,1,"511","New Customers"
14603,279,1,660,1,1,3,"113","Lost"
14606,6,128,11713.85,5,5,5,"555","Champions"
14607,20,17,11341.1,4,5,5,"455","Champions"
14608,9,4,1785.15,5,4,4,"544","Champions"
14609,77,4,601.56,2,4,3,"243","At Risk"
14616,247,3,406.08,1,3,2,"132","Others"
14618,14,4,538.59,5,4,3,"543","Loyal Customers"
14619,244,2,379.51,1,2,2,"122","Lost"
14620,209,3,393.28,1,3,2,"132","Others"
14621,6,6,1765.76,5,4,4,"544","Champions"
14622,189,1,320.58,1,1,2,"112","Lost"
14623,37,6,869.35,3,4,3,"343","Loyal Customers"
14624,62,2,225.85,3,2,1,"321","Others"
14625,190,5,848.48,1,4,3,"143","At Risk"
14626,13,7,2757.07,5,5,5,"555","Champions"
14627,316,1,-21.85,1,1,1,"111","Lost"
14628,96,2,671.96,2,2,3,"223","Lost"
14629,9,3,939.21,5,3,4,"534","Loyal Customers"
14631,55,3,1006.98,3,3,4,"334","Loyal Customers"
14632,267,1,114.56,1,1,1,"111","Lost"
14633,271,1,344.9,1,1,2,"112","Lost"
14636,41,2,609.85,3,2,3,"323","Others"
14638,55,1,443.6,3,1,2,"312","Others"
14639,57,8,2952.34,3,5,5,"355","Loyal Customers"
14640,20,8,2042.15,4,5,5,"455","Champions"
14641,26,1,110.46,4,1,1,"411","New Customers"
14642,63,1,96.12,3,1,1,"311","Others"
14643,175,3,668.61,2,3,3,"233","Others"
14644,14,4,780.46,5,4,3,"543","Loyal Customers"
14645,161,2,597.09,2,2,3,"223","Lost"
14646,6,77,279489.02,5,5,5,"555","Champions"
14647,206,1,243.22,1,1,2,"112","Lost"
14649,9,4,1417.29,5,4,4,"544","Champions"
14651,72,2,654.6,3,2,3,"323","Others"
14652,82,1,114.18,2,1,1,"211","Lost"
14653,6,7,1947.55,5,5,4,"554","Champions"
14655,8,5,1930.15,5,4,4,"544","Champions"
14656,174,2,291.05,2,2,2,"222","Lost"
14657,22,5,838.27,4,4,3,"443","Loyal Customers"
14658,10,2,247.15,5,2,2,"522","New Customers"
14659,13,12,2456.53,5,5,5,"555","Champions"
14660,91,2,285.74,2,2,2,"222","Lost"
14661,31,1,107.95,4,1,1,"411","New Customers"
14662,33,4,771.17,4,4,3,"443","Loyal Customers"
14664,24,2,637.89,4,2,3,"423","New Customers"
14665,65,7,1258.38,3,5,4,"354","Loyal Customers"
14666,29,1,195.25,4,1,1,"411","New Customers"
14667,15,27,9231.2,5,5,5,"555","Champions"
14669,246,3,1269.99,1,3,4,"134","Others"
14670,285,2,411.53,1,2,2,"122","Lost"
14672,239,2,765.55,1,2,3,"123","Lost"
14673,8,5,1736.4,5,4,4,"544","Champions"
14675,21,1,604.75,4,1,3,"413","New Customers"
14676,36,8,2543.24,4,5,5,"455","Champions"
14679,376,1,-2.55,1,1,1,"111","Lost"
14680,30,23,26932.34,4,5,5,"455","Champions"
14681,76,3,498.95,2,3,3,"233","Others"
14682,192,2,52,1,2,1,"121","Lost"
14684,30,5,1236.28,4,4,4,"444","Champions"
14687,111,1,628.38,2,1,3,"213","Lost"
14688,12,27,5107.38,5,5,5,"555","Champions"
14689,213,1,112.8,1,1,1,"111","Lost"
14690,49,3,358.61,3,3,2,"332","Loyal Customers"
14691,35,5,2114.33,4,4,5,"445","Champions"
14692,142,5,582.05,2,4,3,"243","At Risk"
14693,269,1,172.9,1,1,1,"111","Lost"
14696,9,9,2070.97,5,5,5,"555","Champions"
14697,223,2,188.61,1,2,1,"121","Lost"
14698,6,5,1250.76,5,4,4,"544","Champions"
14699,219,1,109.13,1,1,1,"111","Lost"
14700,37,3,2235.3,3,3,5,"335","Loyal Customers"
14701,15,12,2486.22,5,5,5,"555","Champions"
14702,6,18,3250.64,5,5,5,"555","Champions"
14703,19,1,318.17,4,1,2,"412","New Customers"
14704,16,9,1546.91,4,5,4,"454","Champions"
14705,203,1,179,1,1,1,"111","Lost"
14708,7,4,1096.67,5,4,4,"544","Champions"
14709,20,14,4911.14,4,5,5,"455","Champions"
14710,19,4,606.13,4,4,3,"443","Loyal Customers"
14711,15,12,2838.2,5,5,5,"555","Champions"
14712,34,3,917.07,4,3,4,"434","Loyal Customers"
14713,14,12,2664.26,5,5,5,"555","Champions"
14714,29,1,160.19,4,1,1,"411","New Customers"
14715,29,4,867.38,4,4,3,"443","Loyal Customers"
14716,48,2,329.68,3,2,2,"322","Others"
14719,6,6,1592.18,5,4,4,"544","Champions"
14720,10,3,663.81,5,3,3,"533","Loyal Customers"
14722,152,1,187.92,2,1,1,"211","Lost"
14723,15,6,1158.3,5,4,4,"544","Champions"
14725,29,1,718.08,4,1,3,"413","New Customers"
14727,279,1,268.58,1,1,2,"112","Lost"
14729,378,1,313.49,1,1,2,"112","Lost"
14730,6,8,2005.06,5,5,5,"555","Champions"
14731,52,3,380.02,3,3,2,"332","Loyal Customers"
14732,13,10,2686.34,5,5,5,"555","Champions"
14733,14,15,9451.54,5,5,5,"555","Champions"
14735,8,34,5807.69,5,5,5,"555","Champions"
14737,8,3,1164.55,5,3,4,"534","Loyal Customers"
14738,44,9,1289.94,3,5,4,"354","Loyal Customers"
14739,7,8,3899.1,5,5,5,"555","Champions"
14740,196,4,1423.21,1,4,4,"144","At Risk"
14741,16,6,1400.34,4,4,4,"444","Champions"
14744,21,9,1088.53,4,5,4,"454","Champions"
14745,117,6,1167.16,2,4,4,"244","At Risk"
14747,252,2,294.3,1,2,2,"122","Lost"
14748,34,6,1311.79,4,4,4,"444","Champions"
14752,48,1,389.64,3,1,2,"312","Others"
14753,92,1,563.15,2,1,3,"213","Lost"
14754,49,2,638.05,3,2,3,"323","Others"
14755,14,12,4965.38,5,5,5,"555","Champions"
14756,20,1,738.96,4,1,3,"413","New Customers"
14757,80,1,420.5,2,1,2,"212","Lost"
14758,149,4,1484.06,2,4,4,"244","At Risk"
14759,9,3,1625.97,5,3,4,"534","Loyal Customers"
14760,299,2,53.8,1,2,1,"121","Lost"
14761,63,2,255.9,3,2,2,"322","Others"
14762,268,1,300.52,1,1,2,"112","Lost"
14764,48,2,250.55,3,2,2,"322","Others"
14765,34,3,254.11,4,3,2,"432","Loyal Customers"
14766,13,8,2423.07,5,5,5,"555","Champions"
14768,22,3,139.5,4,3,1,"431","Loyal Customers"
14769,7,10,10641.6,5,5,5,"555","Champions"
14770,237,2,876.42,1,2,3,"123","Lost"
14772,117,1,139.26,2,1,1,"211","Lost"
14775,63,3,1011.9,3,3,4,"334","Loyal Customers"
14776,56,13,2195.58,3,5,5,"355","Loyal Customers"
14777,9,2,-17.45,5,2,1,"521","New Customers"
14778,132,2,730.86,2,2,3,"223","Lost"
14779,285,3,386.15,1,3,2,"132","Others"
14780,59,2,447.68,3,2,2,"322","Others"
14782,324,1,200.1,1,1,1,"111","Lost"
14784,31,2,289.99,4,2,2,"422","New Customers"
14785,15,2,77.4,5,2,1,"521","New Customers"
14788,12,2,679.44,5,2,3,"523","New Customers"
14789,33,1,197.64,4,1,1,"411","New Customers"
14790,21,4,745.06,4,4,3,"443","Loyal Customers"
14792,68,2,0,3,2,1,"321","Others"
14793,9,2,214.14,5,2,1,"521","New Customers"
14794,7,9,1272.11,5,5,4,"554","Champions"
14795,171,1,131.45,2,1,1,"211","Lost"
14796,6,27,7839.51,5,5,5,"555","Champions"
14798,57,3,173.74,3,3,1,"331","Loyal Customers"
14799,56,1,157.7,3,1,1,"311","Others"
14800,52,16,4236.34,3,5,5,"355","Loyal Customers"
14801,66,1,193.14,3,1,1,"311","Others"
14803,167,3,845.55,2,3,3,"233","Others"
14804,13,1,353.27,5,1,2,"512","New Customers"
14805,20,4,554.65,4,4,3,"443","Loyal Customers"
14806,80,1,193.39,2,1,1,"211","Lost"
14808,44,15,2175.37,3,5,5,"355","Loyal Customers"
14810,45,11,2087.88,3,5,5,"355","Loyal Customers"
14813,374,2,155.43,1,2,1,"121","Lost"
14815,41,2,778.5,3,2,3,"323","Others"
14816,202,1,271.85,1,1,2,"112","Lost"
14817,205,2,1110.34,1,2,4,"124","Lost"
14818,78,3,657.8,2,3,3,"233","Others"
14819,69,2,272.07,3,2,2,"322","Others"
14820,26,4,507.29,4,4,3,"443","Loyal Customers"
14821,371,1,48.8,1,1,1,"111","Lost"
14823,185,3,321.43,1,3,2,"132","Others"
14824,15,4,1127.71,5,4,4,"544","Champions"
14825,8,12,2226.91,5,5,5,"555","Champions"
14828,201,3,2139.76,1,3,5,"135","Others"
14829,34,6,644.65,4,4,3,"443","Loyal Customers"
14830,58,1,197.13,3,1,1,"311","Others"
14834,22,8,1698.35,4,5,4,"454","Champions"
14836,15,3,102.45,5,3,1,"531","Loyal Customers"
14837,94,5,1641.2,2,4,4,"244","At Risk"
14840,272,1,62.85,1,1,1,"111","Lost"
14841,58,6,3295.76,3,4,5,"345","Loyal Customers"
14842,40,8,2456.8,3,5,5,"355","Loyal Customers"
14844,68,4,3189.81,3,4,5,"345","Loyal Customers"
14847,153,1,309.4,2,1,2,"212","Lost"
14849,26,28,7904.28,4,5,5,"455","Champions"
14850,316,2,278.15,1,2,2,"122","Lost"
14851,28,2,511.35,4,2,3,"423","New Customers"
14852,63,6,2836.69,3,4,5,"345","Loyal Customers"
14853,13,3,463.05,5,3,2,"532","Loyal Customers"
14854,83,8,2749.89,2,5,5,"255","At Risk"
14855,124,2,645.65,2,2,3,"223","Lost"
14856,41,3,1311.38,3,3,4,"334","Loyal Customers"
14857,64,3,1165.65,3,3,4,"334","Loyal Customers"
14859,17,5,1352.04,4,4,4,"444","Champions"
14860,13,2,168.62,5,2,1,"521","New Customers"
14861,57,1,125.79,3,1,1,"311","Others"
14862,30,2,841.2,4,2,3,"423","New Customers"
14863,34,1,266.76,4,1,2,"412","New Customers"
14865,12,2,52.2,5,2,1,"521","New Customers"
14866,15,13,14197.45,5,5,5,"555","Champions"
14867,190,4,701.33,1,4,3,"143","At Risk"
14868,8,9,2939.64,5,5,5,"555","Champions"
14869,8,3,721.95,5,3,3,"533","Loyal Customers"
14870,266,1,327.25,1,1,2,"112","Lost"
14871,8,4,522.38,5,4,3,"543","Loyal Customers"
14873,215,1,519.68,1,1,3,"113","Lost"
14875,14,5,1448.72,5,4,4,"544","Champions"
14878,17,9,1485.54,4,5,4,"454","Champions"
14880,82,3,706.19,2,3,3,"233","Others"
14881,24,1,255.4,4,1,2,"412","New Customers"
14882,31,2,589.7,4,2,3,"423","New Customers"
14883,23,7,756.64,4,5,3,"453","Loyal Customers"
14885,136,1,765.32,2,1,3,"213","Lost"
14886,257,1,364.8,1,1,2,"112","Lost"
14887,84,1,1862,2,1,4,"214","Lost"
14888,212,1,369.2,1,1,2,"112","Lost"
14889,341,1,135.9,1,1,1,"111","Lost"
14890,258,1,125.65,1,1,1,"111","Lost"
14891,153,2,554.38,2,2,3,"223","Lost"
14893,14,2,1237.85,5,2,4,"524","New Customers"
14894,90,1,655.75,2,1,3,"213","Lost"
14895,12,24,11020.26,5,5,5,"555","Champions"
14896,209,2,468.77,1,2,3,"123","Lost"
14897,12,4,1366.38,5,4,4,"544","Champions"
14898,28,8,1228.32,4,5,4,"454","Champions"
14901,16,10,1414.99,4,5,4,"454","Champions"
14902,26,2,314.11,4,2,2,"422","New Customers"
14903,26,10,2744.48,4,5,5,"455","Champions"
14904,7,2,1025.44,5,2,4,"524","New Customers"
14905,159,3,599.9,2,3,3,"233","Others"
14907,8,10,3478.85,5,5,5,"555","Champions"
14908,79,1,277.8,2,1,2,"212","Lost"
14910,7,7,389.86,5,5,2,"552","Loyal Customers"
14911,6,248,132572.62,5,5,5,"555","Champions"
14912,21,3,841.52,4,3,3,"433","Loyal Customers"
14913,40,4,1227.43,3,4,4,"344","Loyal Customers"
14915,90,3,258.83,2,3,2,"232","Others"
14916,75,5,1264.84,3,4,4,"344","Loyal Customers"
14918,120,2,1610.15,2,2,4,"224","Lost"
14920,217,2,977.77,1,2,4,"124","Lost"
14921,35,2,1316.07,4,2,4,"424","New Customers"
14923,55,1,749.1,3,1,3,"313","Others"
14924,250,1,310.05,1,1,2,"112","Lost"
14929,37,1,223.88,3,1,1,"311","Others"
14930,113,3,2372.86,2,3,5,"235","Others"
14931,9,6,964.68,5,4,4,"544","Champions"
14932,370,1,363.53,1,1,2,"112","Lost"
14934,77,3,1888.84,2,3,4,"234","Others"
14935,302,1,1784.71,1,1,4,"114","Lost"
14936,14,9,8117.42,5,5,5,"555","Champions"
14937,61,4,1617.63,3,4,4,"344","Loyal Customers"
14944,34,14,5842.95,4,5,5,"455","Champions"
14946,19,1,100.9,4,1,1,"411","New Customers"
14947,77,2,290.82,2,2,2,"222","Lost"
14948,28,7,1066.57,4,5,4,"454","Champions"
14950,13,2,361.25,5,2,2,"522","New Customers"
14951,84,1,311.69,2,1,2,"212","Lost"
14952,51,15,7912.79,3,5,5,"355","Loyal Customers"
14953,30,1,289.82,4,1,2,"412","New Customers"
14954,17,1,336.17,4,1,2,"412","New Customers"
14957,258,1,58.49,1,1,1,"111","Lost"
14958,152,3,499.68,2,3,3,"233","Others"
14959,64,5,684.97,3,4,3,"343","Loyal Customers"
14960,13,2,221.27,5,2,1,"521","New Customers"
14961,15,12,7006.58,5,5,5,"555","Champions"
14962,275,1,126.7,1,1,1,"111","Lost"
14963,14,5,1487.8,5,4,4,"544","Champions"
14964,252,1,206.21,1,1,1,"111","Lost"
14965,101,2,599,2,2,3,"223","Lost"
14966,19,1,191.32,4,1,1,"411","New Customers"
14967,54,1,463.8,3,1,2,"312","Others"
14968,35,1,147.59,4,1,1,"411","New Customers"
14970,73,4,1592.06,3,4,4,"344","Loyal Customers"
14971,40,3,1116.57,3,3,4,"334","Loyal Customers"
14972,133,1,114.77,2,1,1,"211","Lost"
14973,112,3,1314.45,2,3,4,"234","Others"
14974,42,1,114.39,3,1,1,"311","Others"
14975,62,1,279.94,3,1,2,"312","Others"
14976,62,8,765.86,3,5,3,"353","Loyal Customers"
14978,77,5,1931.42,2,4,4,"244","At Risk"
14981,251,1,102.12,1,1,1,"111","Lost"
14984,24,2,213.27,4,2,1,"421","New Customers"
14985,203,2,296.75,1,2,2,"122","Lost"
14987,20,2,326.4,4,2,2,"422","New Customers"
14988,216,1,334.54,1,1,2,"112","Lost"
14995,43,2,233.23,3,2,1,"321","Others"
14997,51,4,540.98,3,4,3,"343","Loyal Customers"
14998,175,2,429.87,2,2,2,"222","Lost"
15000,52,1,490.52,3,1,3,"313","Others"
15002,120,4,1641.76,2,4,4,"244","At Risk"
15004,152,1,1246.32,2,1,4,"214","Lost"
15005,20,35,6180.49,4,5,5,"455","Champions"
15006,56,1,502.09,3,1,3,"313","Others"
15007,164,1,156.91,2,1,1,"211","Lost"
15009,17,3,1261.78,4,3,4,"434","Loyal Customers"
15010,40,1,308.94,3,1,2,"312","Others"
15012,58,2,423.04,3,2,2,"322","Others"
15014,48,2,260.17,3,2,2,"322","Others"
15016,177,1,170.04,2,1,1,"211","Lost"
15017,38,1,125.58,3,1,1,"311","Others"
15018,43,4,456.26,3,4,2,"342","Loyal Customers"
15019,271,1,266,1,1,2,"112","Lost"
15021,13,13,1872.28,5,5,4,"554","Champions"
15022,16,4,905.04,4,4,3,"443","Loyal Customers"
15023,8,12,6763.16,5,5,5,"555","Champions"
15024,14,10,1661.33,5,5,4,"554","Champions"
15025,38,1,377.01,3,1,2,"312","Others"
15026,85,3,469,2,3,3,"233","Others"
15027,35,6,1051.95,4,4,4,"444","Champions"
15028,13,4,627.13,5,4,3,"543","Loyal Customers"
15030,76,2,518.28,2,2,3,"223","Lost"
15031,9,4,668.14,5,4,3,"543","Loyal Customers"
15032,261,5,4464.1,1,4,5,"145","At Risk"
15033,9,11,2571.02,5,5,5,"555","Champions"
15034,20,11,4277.66,4,5,5,"455","Champions"
15035,94,1,252.73,2,1,2,"212","Lost"
15036,77,3,465.55,2,3,2,"232","Others"
15038,48,7,665.59,3,5,3,"353","Loyal Customers"
15039,14,52,19786.44,5,5,5,"555","Champions"
15041,175,1,180.35,2,1,1,"211","Lost"
15042,204,1,135.93,1,1,1,"111","Lost"
15043,36,1,537,4,1,3,"413","New Customers"
15044,24,22,7629.38,4,5,5,"455","Champions"
15045,156,3,633.66,2,3,3,"233","Others"
15046,14,16,5064.01,5,5,5,"555","Champions"
15047,274,1,343.62,1,1,2,"112","Lost"
15048,70,5,380.57,3,4,2,"342","Loyal Customers"
15049,278,1,121.17,1,1,1,"111","Lost"
15050,30,5,1727.17,4,4,4,"444","Champions"
15051,28,3,1391.61,4,3,4,"434","Loyal Customers"
15052,324,1,215.78,1,1,1,"111","Lost"
15053,9,3,697.79,5,3,3,"533","Loyal Customers"
15054,17,2,302.1,4,2,2,"422","New Customers"
15057,280,2,1489.5,1,2,4,"124","Lost"
15058,30,11,2124.99,4,5,5,"455","Champions"
15059,45,11,1325.82,3,5,4,"354","Loyal Customers"
15060,13,4,303.09,5,4,2,"542","Loyal Customers"
15061,8,55,54228.74,5,5,5,"555","Champions"
15062,76,4,987.86,2,4,4,"244","At Risk"
15063,218,1,370.8,1,1,2,"112","Lost"
15065,42,6,3135.98,3,4,5,"345","Loyal Customers"
15066,36,2,760.59,4,2,3,"423","New Customers"
15067,83,3,1744.76,2,3,4,"234","Others"
15068,51,2,553.36,3,2,3,"323","Others"
15069,184,1,1109.53,1,1,4,"114","Lost"
15070,377,1,106.2,1,1,1,"111","Lost"
15071,98,2,982.07,2,2,4,"224","Lost"
15073,14,4,612.43,5,4,3,"543","Loyal Customers"
15074,110,1,748.87,2,1,3,"213","Lost"
15075,82,1,773.03,2,1,3,"213","Lost"
15076,177,1,880.85,2,1,3,"213","Lost"
15078,12,38,9623.35,5,5,5,"555","Champions"
15079,217,5,893.66,1,4,3,"143","At Risk"
15081,27,6,487.35,4,4,3,"443","Loyal Customers"
15083,261,1,88.2,1,1,1,"111","Lost"
15087,286,1,306.94,1,1,2,"112","Lost"
15088,26,3,1140.27,4,3,4,"434","Loyal Customers"
15089,15,6,2420.84,5,4,5,"545","Champions"
15090,313,1,381.32,1,1,2,"112","Lost"
15091,58,2,476.96,3,2,3,"323","Others"
15092,220,2,457.81,1,2,2,"122","Lost"
15093,23,9,4410.14,4,5,5,"455","Champions"
15095,108,5,1364.7,2,4,4,"244","At Risk"
15096,47,1,219.39,3,1,1,"311","Others"
15097,9,1,248.08,5,1,2,"512","New Customers"
15098,187,5,649.5,1,4,3,"143","At Risk"
15099,89,1,410.48,2,1,2,"212","Lost"
15100,335,6,635.1,1,4,3,"143","At Risk"
15101,13,3,310.03,5,3,2,"532","Loyal Customers"
15103,36,2,703.36,4,2,3,"423","New Customers"
15104,171,3,1002.54,2,3,4,"234","Others"
15105,23,7,2298.93,4,5,5,"455","Champions"
15106,22,7,1407.73,4,5,4,"454","Champions"
15107,316,8,247.66,1,5,2,"152","At Risk"
15108,146,5,1291.75,2,4,4,"244","At Risk"
15109,245,2,463.75,1,2,2,"122","Lost"
15110,28,7,970.25,4,5,4,"454","Champions"
15111,34,3,1567.48,4,3,4,"434","Loyal Customers"
15113,14,4,3439.41,5,4,5,"545","Champions"
15114,35,10,2760.56,4,5,5,"455","Champions"
15115,23,1,340.11,4,1,2,"412","New Customers"
15116,22,4,1352.75,4,4,4,"444","Champions"
15117,19,6,1550.13,4,4,4,"444","Champions"
15118,139,1,244.8,2,1,2,"212","Lost"
15119,250,1,266.4,1,1,2,"112","Lost"
15120,134,2,343.82,2,2,2,"222","Lost"
15121,55,2,457.72,3,2,2,"322","Others"
15122,90,6,1612.13,2,4,4,"244","At Risk"
15123,12,2,2199.31,5,2,5,"525","New Customers"
15124,27,2,184.19,4,2,1,"421","New Customers"
15125,30,23,11117.05,4,5,5,"455","Champions"
15127,70,1,406.53,3,1,2,"312","Others"
15128,65,8,1419.54,3,5,4,"354","Loyal Customers"
15129,55,11,3447.4,3,5,5,"355","Loyal Customers"
15130,174,1,330.11,2,1,2,"212","Lost"
15132,23,5,977.93,4,4,4,"444","Champions"
15133,132,3,982.42,2,3,4,"234","Others"
15134,19,8,1387.99,4,5,4,"454","Champions"
15135,238,2,127.15,1,2,1,"121","Lost"
15136,7,5,1282.45,5,4,4,"544","Champions"
15139,244,2,178.96,1,2,1,"121","Lost"
15140,57,8,2350,3,5,5,"355","Loyal Customers"
15142,51,1,498.74,3,1,3,"313","Others"
15143,230,1,259.45,1,1,2,"112","Lost"
15144,13,18,6530.04,5,5,5,"555","Champions"
15145,9,4,1194.73,5,4,4,"544","Champions"
15146,169,3,1313.66,2,3,4,"234","Others"
15147,223,2,608.65,1,2,3,"123","Lost"
15148,15,1,301.29,5,1,2,"512","New Customers"
15149,138,1,520.8,2,1,3,"213","Lost"
15150,22,11,5303.97,4,5,5,"455","Champions"
15152,14,16,4684.24,5,5,5,"555","Champions"
15153,36,1,329.25,4,1,2,"412","New Customers"
15154,79,2,240.27,2,2,2,"222","Lost"
15156,6,3,961.49,5,3,4,"534","Loyal Customers"
15157,8,5,1869.5,5,4,4,"544","Champions"
15158,50,1,401.4,3,1,2,"312","Others"
15159,6,34,18573.68,5,5,5,"555","Champions"
15160,362,1,158.16,1,1,1,"111","Lost"
15163,23,2,304.47,4,2,2,"422","New Customers"
15164,73,3,843.05,3,3,3,"333","Loyal Customers"
15165,378,1,487.75,1,1,3,"113","Lost"
15167,325,1,163,1,1,1,"111","Lost"
15168,30,1,106.56,4,1,1,"411","New Customers"
15171,329,2,1034.5,1,2,4,"124","Lost"
15172,13,5,1624.05,5,4,4,"544","Champions"
15174,327,1,135.75,1,1,1,"111","Lost"
15175,76,1,224.14,2,1,1,"211","Lost"
15178,265,1,40.5,1,1,1,"111","Lost"
15179,23,7,2186.2,4,5,5,"455","Champions"
15180,372,1,87.5,1,1,1,"111","Lost"
15181,71,5,680.28,3,4,3,"343","Loyal Customers"
15182,159,2,622.85,2,2,3,"223","Lost"
15184,34,2,406.76,4,2,2,"422","New Customers"
15185,75,1,310.62,3,1,2,"312","Others"
15186,19,2,411.41,4,2,2,"422","New Customers"
15187,6,18,4670.08,5,5,5,"555","Champions"
15189,6,53,15802.14,5,5,5,"555","Champions"
15192,124,3,1044.32,2,3,4,"234","Others"
15193,65,1,499.32,3,1,3,"313","Others"
15194,8,22,7521.17,5,5,5,"555","Champions"
15195,7,1,3861,5,1,5,"515","New Customers"
15197,13,5,656.44,5,4,3,"543","Loyal Customers"
15198,97,2,193.64,2,2,1,"221","Lost"
15199,64,4,1268.7,3,4,4,"344","Loyal Customers"
15201,83,11,927.84,2,5,4,"254","At Risk"
15203,30,6,1827.8,4,4,4,"444","Champions"
15204,362,1,316.58,1,1,2,"112","Lost"
15205,90,3,648.83,2,3,3,"233","Others"
15206,15,4,420.3,5,4,2,"542","Loyal Customers"
15208,6,6,867.62,5,4,3,"543","Loyal Customers"
15210,230,1,331.18,1,1,2,"112","Lost"
15211,65,2,894.41,3,2,3,"323","Others"
15212,244,2,88.95,1,2,1,"121","Lost"
15213,323,3,325.05,1,3,2,"132","Others"
15214,6,8,1661.44,5,5,4,"554","Champions"
15215,49,6,615.99,3,4,3,"343","Loyal Customers"
15216,92,1,96.6,2,1,1,"211","Lost"
15218,15,11,5756.89,5,5,5,"555","Champions"
15219,181,1,305.75,2,1,2,"212","Lost"
15220,56,7,1758.92,3,5,4,"354","Loyal Customers"
15221,371,2,114.1,1,2,1,"121","Lost"
15222,323,1,585,1,1,3,"113","Lost"
15223,230,3,454.9,1,3,2,"132","Others"
15224,363,3,310.48,1,3,2,"132","Others"
15225,239,1,409.4,1,1,2,"112","Lost"
15226,315,1,154.41,1,1,1,"111","Lost"
15227,41,5,1219.4,3,4,4,"344","Loyal Customers"
15228,71,5,3376.96,3,4,5,"345","Loyal Customers"
15230,244,2,429.6,1,2,2,"122","Lost"
15232,118,2,612.06,2,2,3,"223","Lost"
15234,281,1,197,1,1,1,"111","Lost"
15235,222,12,2247.51,1,5,5,"155","At Risk"
15236,303,1,321.05,1,1,2,"112","Lost"
15237,6,4,1412.32,5,4,4,"544","Champions"
15238,34,5,1056.54,4,4,4,"444","Champions"
15239,15,3,764.34,5,3,3,"533","Loyal Customers"
15240,49,7,1685.57,3,5,4,"354","Loyal Customers"
15241,71,9,1738.59,3,5,4,"354","Loyal Customers"
15243,79,1,316.68,2,1,2,"212","Lost"
15244,70,2,631.57,3,2,3,"323","Others"
15245,139,3,2515.84,2,3,5,"235","Others"
15246,243,2,514.15,1,2,3,"123","Lost"
15247,127,1,356,2,1,2,"212","Lost"
15249,36,15,6657.36,4,5,5,"455","Champions"
15251,14,15,10327.11,5,5,5,"555","Champions"
15252,41,2,740.78,3,2,3,"323","Others"
15253,21,6,915.3,4,4,4,"444","Champions"
15254,132,1,300.36,2,1,2,"212","Lost"
15255,71,1,890.85,3,1,3,"313","Others"
15256,153,1,98.45,2,1,1,"211","Lost"
15257,286,2,232.15,1,2,1,"121","Lost"
15258,173,2,623.16,2,2,3,"223","Lost"
15260,105,8,1780.77,2,5,4,"254","At Risk"
15261,140,1,254.82,2,1,2,"212","Lost"
15262,328,1,178.95,1,1,1,"111","Lost"
15263,111,1,156.51,2,1,1,"211","Lost"
15264,69,1,393.74,3,1,2,"312","Others"
15265,156,2,1506.12,2,2,4,"224","Lost"
15266,343,1,119.3,1,1,1,"111","Lost"
15267,27,5,1717.36,4,4,4,"444","Champions"
15269,28,1,408.8,4,1,2,"412","New Customers"
15270,20,9,2298.2,4,5,5,"455","Champions"
15271,12,16,2485.82,5,5,5,"555","Champions"
15272,62,2,721.94,3,2,3,"323","Others"
15274,9,2,716.57,5,2,3,"523","New Customers"
15275,36,2,609.19,4,2,3,"423","New Customers"
15276,71,1,135.31,3,1,1,"311","Others"
15277,51,1,255.9,3,1,2,"312","Others"
15279,359,2,277.41,1,2,2,"122","Lost"
15280,177,1,113.12,2,1,1,"211","Lost"
15281,63,12,2239.95,3,5,5,"355","Loyal Customers"
15286,54,1,240.55,3,1,2,"312","Others"
15287,27,3,485.24,4,3,3,"433","Loyal Customers"
15288,48,5,2306.52,3,4,5,"345","Loyal Customers"
15289,34,4,935.1,4,4,4,"444","Champions"
15290,9,21,7803.77,5,5,5,"555","Champions"
15291,30,20,4596.51,4,5,5,"455","Champions"
15292,206,1,180.94,1,1,1,"111","Lost"
15296,49,10,3610.31,3,5,5,"355","Loyal Customers"
15297,15,4,635.04,5,4,3,"543","Loyal Customers"
15298,7,14,3774.1,5,5,5,"555","Champions"
15299,72,11,3787.09,3,5,5,"355","Loyal Customers"
15300,69,1,496.44,3,1,3,"313","Others"
15301,55,14,5028.12,3,5,5,"355","Loyal Customers"
15303,295,1,574.02,1,1,3,"113","Lost"
15304,65,10,680.3,3,5,3,"353","Loyal Customers"
15306,69,3,1174.35,3,3,4,"334","Loyal Customers"
15307,100,1,205.3,2,1,1,"211","Lost"
15308,275,2,302.27,1,2,2,"122","Lost"
15311,5,118,59419.34,5,5,5,"555","Champions"
15312,80,5,921.1,2,4,4,"244","At Risk"
15313,115,1,52,2,1,1,"211","Lost"
15314,204,1,327.97,1,1,2,"112","Lost"
15315,69,3,551.54,3,3,3,"333","Loyal Customers"
15316,331,1,165,1,1,1,"111","Lost"
15318,8,1,312.62,5,1,2,"512","New Customers"
15319,288,1,204.5,1,1,1,"111","Lost"
15320,49,1,267.13,3,1,2,"312","Others"
15321,54,4,2650.73,3,4,5,"345","Loyal Customers"
15322,69,2,602.97,3,2,3,"323","Others"
15325,108,1,162.29,2,1,1,"211","Lost"
15326,338,1,311.71,1,1,2,"112","Lost"
15327,57,1,208.75,3,1,1,"311","Others"
15329,40,5,1005.5,3,4,4,"344","Loyal Customers"
15330,37,2,714.96,3,2,3,"323","Others"
15332,371,4,1661.06,1,4,4,"144","At Risk"
15333,213,1,1028.56,1,1,4,"114","Lost"
15334,161,3,351.67,2,3,2,"232","Others"
15335,58,1,173.97,3,1,1,"311","Others"
15339,71,3,557.57,3,3,3,"333","Loyal Customers"
15341,85,1,2020.52,2,1,5,"215","Lost"
15342,121,2,391.76,2,2,2,"222","Lost"
15343,92,1,364.5,2,1,2,"212","Lost"
15344,5,5,476.58,5,4,3,"543","Loyal Customers"
15345,40,2,367.69,3,2,2,"322","Others"
15346,337,1,252.42,1,1,2,"112","Lost"
15347,371,1,201.6,1,1,1,"111","Lost"
15348,77,1,158.04,2,1,1,"211","Lost"
15349,163,2,473.81,2,2,3,"223","Lost"
15350,378,1,115.65,1,1,1,"111","Lost"
15351,17,10,1862.14,4,5,4,"454","Champions"
15353,259,2,777.02,1,2,3,"123","Lost"
15355,34,2,277.05,4,2,2,"422","New Customers"
15356,36,10,2766.5,4,5,5,"455","Champions"
15358,9,29,8234.8,5,5,5,"555","Champions"
15360,44,1,427.93,3,1,2,"312","Others"
15361,366,1,418.92,1,1,2,"112","Lost"
15363,246,2,318.05,1,2,2,"122","Lost"
15364,100,2,913.19,2,2,4,"224","Lost"
15365,30,9,1330.45,4,5,4,"454","Champions"
15366,80,2,602.51,2,2,3,"223","Lost"
15367,62,5,1867.69,3,4,4,"344","Loyal Customers"
15368,26,1,446.94,4,1,2,"412","New Customers"
15369,149,1,-1592.49,2,1,1,"211","Lost"
15370,45,8,2360.55,3,5,5,"355","Loyal Customers"
15372,142,1,2007.4,2,1,5,"215","Lost"
15373,13,13,2213.11,5,5,5,"555","Champions"
15374,133,1,168,2,1,1,"211","Lost"
15376,45,3,1233.36,3,3,4,"334","Loyal Customers"
15379,174,8,3631.89,2,5,5,"255","At Risk"
15380,13,6,1682.36,5,4,4,"544","Champions"
15381,218,2,596.85,1,2,3,"123","Lost"
15382,19,8,5927.86,4,5,5,"455","Champions"
15384,174,3,635.76,2,3,3,"233","Others"
15385,45,1,316.88,3,1,2,"312","Others"
15386,191,1,394.14,1,1,2,"112","Lost"
15388,275,1,140.54,1,1,1,"111","Lost"
15389,177,1,500,2,1,3,"213","Lost"
15392,9,5,1515.73,5,4,4,"544","Champions"
15393,21,2,231.86,4,2,1,"421","New Customers"
15394,14,4,2183.54,5,4,5,"545","Champions"
15395,330,1,107.45,1,1,1,"111","Lost"
15396,117,1,288.18,2,1,2,"212","Lost"
15397,294,1,94,1,1,1,"111","Lost"
15398,21,3,1339.63,4,3,4,"434","Loyal Customers"
15399,6,3,815.77,5,3,3,"533","Loyal Customers"
15400,97,6,666.7,2,4,3,"243","At Risk"
15402,153,2,626.77,2,2,3,"223","Lost"
15405,194,1,349.1,1,1,2,"112","Lost"
15406,23,4,426.61,4,4,2,"442","Loyal Customers"
15407,38,4,1056.44,3,4,4,"344","Loyal Customers"
15408,269,1,267.18,1,1,2,"112","Lost"
15410,89,8,3450.84,2,5,5,"255","At Risk"
15411,31,5,1346.38,4,4,4,"444","Champions"
15412,176,1,190.53,2,1,1,"211","Lost"
15414,14,3,774.9,5,3,3,"533","Loyal Customers"
15415,318,1,572.81,1,1,3,"113","Lost"
15416,69,5,3974.37,3,4,5,"345","Loyal Customers"
15417,90,1,508.8,2,1,3,"213","Lost"
15419,29,1,135.86,4,1,1,"411","New Customers"
15421,63,4,950.36,3,4,4,"344","Loyal Customers"
15422,328,2,97.7,1,2,1,"121","Lost"
15423,43,1,43.5,3,1,1,"311","Others"
15424,259,2,383.34,1,2,2,"122","Lost"
15426,24,7,1429.9,4,5,4,"454","Champions"
15427,38,3,1483.14,3,3,4,"334","Loyal Customers"
15428,20,1,93.78,4,1,1,"411","New Customers"
15429,31,3,364.9,4,3,2,"432","Loyal Customers"
15432,28,1,171.19,4,1,1,"411","New Customers"
15433,84,3,417.87,2,3,2,"232","Others"
15434,13,6,997.48,5,4,4,"544","Champions"
15435,27,1,149.29,4,1,1,"411","New Customers"
15436,17,3,1122.53,4,3,4,"434","Loyal Customers"
15437,267,1,200.16,1,1,1,"111","Lost"
15438,136,1,156.58,2,1,1,"211","Lost"
15440,59,3,383.68,3,3,2,"332","Loyal Customers"
15442,253,1,594,1,1,3,"113","Lost"
15443,6,8,3212.16,5,5,5,"555","Champions"
15444,14,2,1418.26,5,2,4,"524","New Customers"
15445,269,1,113.5,1,1,1,"111","Lost"
15447,335,1,155.17,1,1,1,"111","Lost"
15448,317,1,494.64,1,1,3,"113","Lost"
15449,31,5,971.22,4,4,4,"444","Champions"
15450,35,1,429.84,4,1,2,"412","New Customers"
15452,34,3,538.73,4,3,3,"433","Loyal Customers"
15453,6,7,1388.37,5,5,4,"554","Champions"
15454,367,1,179.1,1,1,1,"111","Lost"
15456,288,3,447.22,1,3,2,"132","Others"
15457,267,1,237.07,1,1,2,"112","Lost"
15458,30,1,161.64,4,1,1,"411","New Customers"
15460,359,1,216.76,1,1,1,"111","Lost"
15462,99,3,234.6,2,3,2,"232","Others"
15463,34,1,126.14,4,1,1,"411","New Customers"
15464,343,1,1048.85,1,1,4,"114","Lost"
15465,24,24,6945.02,4,5,5,"455","Champions"
15466,90,1,334.53,2,1,2,"212","Lost"
15467,14,4,511.88,5,4,3,"543","Loyal Customers"
15468,40,5,438.46,3,4,2,"342","Loyal Customers"
15469,48,4,504.5,3,4,3,"343","Loyal Customers"
15471,7,1,469.48,5,1,3,"513","New Customers"
15472,118,1,371.56,2,1,2,"212","Lost"
15473,19,10,1465.2,4,5,4,"454","Champions"
15475,82,1,454.11,2,1,2,"212","Lost"
15478,45,2,1441.42,3,2,4,"324","Others"
15480,121,1,905.5,2,1,3,"213","Lost"
15482,20,16,6568.72,4,5,5,"455","Champions"
15483,166,4,233.81,2,4,1,"241","At Risk"
15484,6,5,3563.11,5,4,5,"545","Champions"
15485,35,3,2575,4,3,5,"435","Loyal Customers"
15488,97,1,91.32,2,1,1,"211","Lost"
15489,27,4,1090.03,4,4,4,"444","Champions"
15491,100,7,3090.85,2,5,5,"255","At Risk"
15492,33,2,659.46,4,3,3,"433","Loyal Customers"
15493,37,7,1967.25,3,5,4,"354","Loyal Customers"
15494,26,2,1299.23,4,3,4,"434","Loyal Customers"
15497,22,3,1259.7,4,3,4,"434","Loyal Customers"
15498,5,35,12396.46,5,5,5,"555","Champions"
15500,13,4,1131.56,5,4,4,"544","Champions"
15502,20,23,5541.46,4,5,5,"455","Champions"
15503,367,1,147.09,1,1,1,"111","Lost"
15504,86,1,52.83,2,1,1,"211","Lost"
15505,57,7,3497.14,3,5,5,"355","Loyal Customers"
15506,27,3,979.26,4,3,4,"434","Loyal Customers"
15507,176,1,492.36,2,1,3,"213","Lost"
15508,194,6,1000.27,1,4,4,"144","At Risk"
15510,335,1,250,1,1,2,"112","Lost"
15511,16,5,909.23,4,4,3,"443","Loyal Customers"
15512,160,2,121,2,3,1,"231","Others"
15513,36,22,14520.08,4,5,5,"455","Champions"
15514,17,13,2963.19,4,5,5,"455","Champions"
15516,49,3,62.43,3,3,1,"331","Loyal Customers"
15517,238,1,267.03,1,1,2,"112","Lost"
15518,69,13,1911.89,3,5,4,"354","Loyal Customers"
15520,6,1,343.5,5,1,2,"512","New Customers"
15521,41,13,2574.65,3,5,5,"355","Loyal Customers"
15522,37,2,398.84,3,3,2,"332","Loyal Customers"
15523,89,1,412.01,2,1,2,"212","Lost"
15524,29,1,440,4,1,2,"412","New Customers"
15525,7,4,811.02,5,4,3,"543","Loyal Customers"
15526,38,2,148.44,3,3,1,"331","Loyal Customers"
15527,23,10,2348.82,4,5,5,"455","Champions"
15528,259,1,229.33,1,1,1,"111","Lost"
15529,27,12,3967.78,4,5,5,"455","Champions"
15530,26,4,1502.35,4,4,4,"444","Champions"
15531,13,2,2007.44,5,3,5,"535","Loyal Customers"
15532,30,6,1517.08,4,4,4,"444","Champions"
15533,24,5,746.92,4,4,3,"443","Loyal Customers"
15535,178,7,459.9,2,5,2,"252","At Risk"
15537,168,1,110.92,2,1,1,"211","Lost"
15539,12,1,538.46,5,1,3,"513","New Customers"
15540,16,1,213.3,4,1,1,"411","New Customers"
15541,119,1,85.13,2,1,1,"211","Lost"
15543,293,1,127.86,1,1,1,"111","Lost"
15544,13,11,3542.51,5,5,5,"555","Champions"
15545,59,2,292.72,3,3,2,"332","Loyal Customers"
15547,12,14,4954.84,5,5,5,"555","Champions"
15549,82,4,1655.76,2,4,4,"244","At Risk"
15550,9,4,575.63,5,4,3,"543","Loyal Customers"
15551,41,1,436.06,3,1,2,"312","Others"
15552,222,1,90.12,1,1,1,"111","Lost"
15553,65,1,437.23,3,1,2,"312","Others"
15554,282,1,217.2,1,1,1,"111","Lost"
15555,17,20,4758.2,4,5,5,"455","Champions"
15556,29,1,279.77,4,1,2,"412","New Customers"
15557,33,1,473.65,4,1,3,"413","New Customers"
15561,16,5,722.74,5,4,3,"543","Loyal Customers"
15562,356,1,134.55,1,1,1,"111","Lost"
15563,13,7,1319.69,5,5,4,"554","Champions"
15565,55,2,173.16,3,3,1,"331","Loyal Customers"
15567,23,1,186.01,4,1,1,"411","New Customers"
15568,7,3,758.29,5,3,3,"533","Loyal Customers"
15569,108,5,1375.71,2,4,4,"244","At Risk"
15570,12,13,4109.97,5,5,5,"555","Champions"
15571,16,4,650.43,5,4,3,"543","Loyal Customers"
15572,9,7,2552.86,5,5,5,"555","Champions"
15573,36,2,607.45,4,3,3,"433","Loyal Customers"
15574,182,4,702.25,2,4,3,"243","At Risk"
15576,42,1,940.67,3,1,4,"314","Others"
15577,156,3,258.88,2,3,2,"232","Others"
15578,167,1,127.1,2,1,1,"211","Lost"
15579,73,2,348.6,3,3,2,"332","Loyal Customers"
15581,125,14,3429.97,2,5,5,"255","At Risk"
15582,29,3,682.91,4,3,3,"433","Loyal Customers"
15584,28,5,722.61,4,4,3,"443","Loyal Customers"
15585,181,1,455.3,2,1,2,"212","Lost"
15587,55,4,913.68,3,4,4,"344","Loyal Customers"
15589,257,4,456.58,1,4,2,"142","At Risk"
15590,294,1,-30.19,1,1,1,"111","Lost"
15592,51,1,388.58,3,1,2,"312","Others"
15593,75,1,199.8,3,1,1,"311","Others"
15594,20,6,1767.53,4,4,4,"444","Champions"
15596,105,9,1343.34,2,5,4,"254","At Risk"
15597,34,2,315.72,4,3,2,"432","Loyal Customers"
15598,40,3,235.68,3,3,2,"332","Loyal Customers"
15599,31,2,761.74,4,3,3,"433","Loyal Customers"
15601,16,17,6745.36,5,5,5,"555","Champions"
15602,13,15,1083.63,5,5,4,"554","Champions"
15603,83,1,48.48,2,1,1,"211","Lost"
15604,57,1,216.39,3,1,1,"311","Others"
15605,41,5,1198.23,3,4,4,"344","Loyal Customers"
15606,62,11,2422.64,3,5,5,"355","Loyal Customers"
15607,341,1,104.76,1,1,1,"111","Lost"
15608,33,4,1093.68,4,4,4,"444","Champions"
15609,187,2,270.03,1,3,2,"132","Others"
15610,56,1,112.46,3,1,1,"311","Others"
15611,14,15,1568.39,5,5,4,"554","Champions"
15612,41,2,195.15,3,3,1,"331","Loyal Customers"
15615,15,27,10360.04,5,5,5,"555","Champions"
15618,37,5,747.031,3,4,3,"343","Loyal Customers"
15619,15,1,336.4,5,1,2,"512","New Customers"
15620,55,6,1524.4,3,4,4,"344","Loyal Customers"
15621,9,6,1158.77,5,4,4,"544","Champions"
15622,8,16,3224.53,5,5,5,"555","Champions"
15623,146,1,301.03,2,1,2,"212","Lost"
15624,121,4,588.13,2,4,3,"243","At Risk"
15625,105,8,1504.56,2,5,4,"254","At Risk"
15626,79,2,675.8,2,3,3,"233","Others"
15628,9,10,2865.64,5,5,5,"555","Champions"
15630,50,3,1180.4,3,3,4,"334","Loyal Customers"
15632,20,10,3147.31,4,5,5,"455","Champions"
15634,22,1,243.55,4,1,2,"412","New Customers"
15636,94,2,724.76,2,3,3,"233","Others"
15637,57,1,223.36,3,1,1,"311","Others"
15638,306,1,-94,1,1,1,"111","Lost"
15639,139,1,425.32,2,1,2,"212","Lost"
15640,9,17,12433.34,5,5,5,"555","Champions"
15641,110,4,1887.2,2,4,4,"244","At Risk"
15643,184,6,647.4,1,4,3,"143","At Risk"
15644,171,4,813,2,4,3,"243","At Risk"
15645,23,1,612.01,4,1,3,"413","New Customers"
15646,162,4,425.14,2,4,2,"242","At Risk"
15648,209,4,599.9,1,4,3,"143","At Risk"
15649,341,2,816,1,3,3,"133","Others"
15651,41,3,646.3,3,3,3,"333","Loyal Customers"
15652,96,1,337.74,2,1,2,"212","Lost"
15653,97,2,877.44,2,3,3,"233","Others"
15654,14,2,922.53,5,3,4,"534","Loyal Customers"
15655,238,2,511.32,1,3,3,"133","Others"
15656,50,4,748.5,3,4,3,"343","Loyal Customers"
15657,27,1,30,4,1,1,"411","New Customers"
15658,195,8,958.9,1,5,4,"154","At Risk"
15659,48,1,306.45,3,1,2,"312","Others"
15660,30,12,1552.01,4,5,4,"454","Champions"
15661,322,2,309.8,1,3,2,"132","Others"
15663,111,1,138.14,2,1,1,"211","Lost"
15664,55,2,358.63,3,3,2,"332","Loyal Customers"
15665,173,2,2242.01,2,3,5,"235","Others"
15667,44,1,301.32,3,1,2,"312","Others"
15668,222,1,76.32,1,1,1,"111","Lost"
15669,45,5,677.69,3,4,3,"343","Loyal Customers"
15670,301,1,173.05,1,1,1,"111","Lost"
15671,23,10,2635.49,4,5,5,"455","Champions"
15673,93,4,2881.02,2,4,5,"245","At Risk"
15674,78,8,1744.02,2,5,4,"254","At Risk"
15675,86,3,323.69,2,3,2,"232","Others"
15676,14,5,3324.09,5,4,5,"545","Champions"
15677,54,1,657.23,3,1,3,"313","Others"
15678,57,1,352.7,3,1,2,"312","Others"
15679,29,4,781.28,4,4,3,"443","Loyal Customers"
15680,14,3,1333.68,5,3,4,"534","Loyal Customers"
15681,23,6,946.36,4,4,4,"444","Champions"
15683,122,1,193.75,2,1,1,"211","Lost"
15687,13,11,2981.5,5,5,5,"555","Champions"
15689,124,2,254.1,2,3,2,"232","Others"
15690,9,2,239.76,5,3,2,"532","Loyal Customers"
15691,257,1,136.8,1,1,1,"111","Lost"
15692,33,1,191.04,4,1,1,"411","New Customers"
15694,5,15,6423.6,5,5,5,"555","Champions"
15695,271,2,409.98,1,3,2,"132","Others"
15696,38,12,2644.46,3,5,5,"355","Loyal Customers"
15699,22,1,309.65,4,1,2,"412","New Customers"
15700,177,3,664.03,2,3,3,"233","Others"
15701,7,4,1542.14,5,4,4,"544","Champions"
15703,269,1,211.5,1,1,1,"111","Lost"
15704,145,4,2293.62,2,4,5,"245","At Risk"
15705,206,1,143.1,1,1,1,"111","Lost"
15706,64,7,1001.81,3,5,4,"354","Loyal Customers"
15707,40,4,945.58,3,4,4,"344","Loyal Customers"
15708,45,11,3329.72,3,5,5,"355","Loyal Customers"
15709,288,1,133.25,1,1,1,"111","Lost"
15712,14,5,1072.36,5,4,4,"544","Champions"
15713,148,3,346.75,2,3,2,"232","Others"
15714,16,2,330.88,5,3,2,"532","Loyal Customers"
15716,150,4,1118.81,2,4,4,"244","At Risk"
15717,239,1,150.3,1,1,1,"111","Lost"
15719,37,14,5043.96,3,5,5,"355","Loyal Customers"
15720,29,1,598.73,4,1,3,"413","New Customers"
15721,16,1,507.08,5,1,3,"513","New Customers"
15722,40,6,2181.21,3,4,5,"345","Loyal Customers"
15723,369,1,203.1,1,1,1,"111","Lost"
15724,206,3,212.3,1,3,1,"131","Others"
15725,20,1,415.25,4,1,2,"412","New Customers"
15727,21,7,5178.96,4,5,5,"455","Champions"
15728,54,1,-134.8,3,1,1,"311","Others"
15729,203,2,62,1,3,1,"131","Others"
15730,70,4,1108.38,3,4,4,"344","Loyal Customers"
15732,217,2,294.12,1,3,2,"132","Others"
15733,287,1,162.3,1,1,1,"111","Lost"
15734,119,2,1339.45,2,3,4,"234","Others"
15737,19,12,1121.21,4,5,4,"454","Champions"
15738,23,19,4788.77,4,5,5,"455","Champions"
15739,71,1,449.12,3,1,2,"312","Others"
15740,54,1,154.88,3,1,1,"311","Others"
15743,21,4,784.46,4,4,3,"443","Loyal Customers"
15744,82,1,34.8,2,1,1,"211","Lost"
15745,13,6,1071.24,5,4,4,"544","Champions"
15746,139,2,182.96,2,3,1,"231","Others"
15747,17,3,974.04,4,3,4,"434","Loyal Customers"
15748,45,1,149.31,3,1,1,"311","Others"
15749,240,4,21535.9,1,4,5,"145","At Risk"
15750,7,9,2451.23,5,5,5,"555","Champions"
15752,44,8,2628.93,3,5,5,"355","Loyal Customers"
15753,309,1,79.2,1,1,1,"111","Lost"
15754,55,4,455.67,3,4,2,"342","Loyal Customers"
15755,6,8,2318.88,5,5,5,"555","Champions"
15756,66,4,532.96,3,4,3,"343","Loyal Customers"
15757,70,2,714.42,3,3,3,"333","Loyal Customers"
15758,29,1,205.25,4,1,1,"411","New Customers"
15759,223,3,253.04,1,3,2,"132","Others"
15762,70,2,583.75,3,3,3,"333","Loyal Customers"
15763,36,3,1048.67,4,3,4,"434","Loyal Customers"
15764,86,10,3245.47,2,5,5,"255","At Risk"
15766,69,1,315.06,3,1,2,"312","Others"
15768,120,4,581.83,2,4,3,"243","At Risk"
15769,12,29,51823.72,5,5,5,"555","Champions"
15773,10,1,635.68,5,1,3,"513","New Customers"
15774,73,1,270.8,3,1,2,"312","Others"
15775,250,1,104.9,1,1,1,"111","Lost"
15776,138,1,241.62,2,1,2,"212","Lost"
15777,246,5,1021.61,1,4,4,"144","At Risk"
15780,188,3,475.28,1,3,3,"133","Others"
15781,30,4,333.56,4,4,2,"442","Loyal Customers"
15782,14,4,2593.94,5,4,5,"545","Champions"
15783,15,1,246.3,5,1,2,"512","New Customers"
15785,34,8,2303.75,4,5,5,"455","Champions"
15786,48,5,4834.2,3,4,5,"345","Loyal Customers"
15787,31,3,948.05,4,3,4,"434","Loyal Customers"
15789,363,1,351.3,1,1,2,"112","Lost"
15790,15,1,220.85,5,1,1,"511","New Customers"
15791,48,3,1604.44,3,3,4,"334","Loyal Customers"
15793,14,4,948.96,5,4,4,"544","Champions"
15795,154,1,610.01,2,1,3,"213","Lost"
15796,6,10,2666.61,5,5,5,"555","Champions"
15797,118,4,2207.4,2,4,5,"245","At Risk"
15799,80,3,884.14,2,3,3,"233","Others"
15800,112,2,699.08,2,3,3,"233","Others"
15801,51,4,1042.19,3,4,4,"344","Loyal Customers"
15802,147,3,-451.42,2,3,1,"231","Others"
15803,56,1,415.82,3,1,2,"312","Others"
15804,5,19,3848.55,5,5,5,"555","Champions"
15805,28,20,5452.17,4,5,5,"455","Champions"
15806,51,3,784.58,3,3,3,"333","Loyal Customers"
15807,55,3,903.9,3,3,3,"333","Loyal Customers"
15808,311,5,3724.77,1,4,5,"145","At Risk"
15809,40,6,399.21,3,4,2,"342","Loyal Customers"
15810,83,7,1145.43,2,5,4,"254","At Risk"
15811,22,9,2171.32,4,5,5,"455","Champions"
15812,112,5,1801.14,2,4,4,"244","At Risk"
15813,212,2,1303.91,1,3,4,"134","Others"
15814,8,6,1842.73,5,4,4,"544","Champions"
15815,68,5,2100.6,3,4,5,"345","Loyal Customers"
15819,54,4,1905.45,3,4,4,"344","Loyal Customers"
15820,324,1,206.98,1,1,1,"111","Lost"
15821,49,2,570.96,3,3,3,"333","Loyal Customers"
15822,8,2,885.47,5,3,3,"533","Loyal Customers"
15823,342,2,-840.76,1,3,1,"131","Others"
15825,177,1,532.94,2,1,3,"213","Lost"
15826,56,4,1649.36,3,4,4,"344","Loyal Customers"
15827,78,20,1641.48,2,5,4,"254","At Risk"
15829,104,2,636.14,2,3,3,"233","Others"
15830,34,2,547.7,4,3,3,"433","Loyal Customers"
15831,63,4,747.76,3,4,3,"343","Loyal Customers"
15832,259,1,836.79,1,1,3,"113","Lost"
15834,75,6,2084.9,3,4,5,"345","Loyal Customers"
15835,49,4,954.09,3,4,4,"344","Loyal Customers"
15836,50,2,117.47,3,3,1,"331","Loyal Customers"
15837,69,1,391.98,3,1,2,"312","Others"
15838,16,21,33350.76,5,5,5,"555","Champions"
15839,30,5,1020.74,4,4,4,"444","Champions"
15840,63,3,345.66,3,3,2,"332","Loyal Customers"
15841,69,6,1209.1,3,4,4,"344","Loyal Customers"
15843,308,1,118.95,1,1,1,"111","Lost"
15844,51,1,130.74,3,1,1,"311","Others"
15845,22,10,3650.87,4,5,5,"455","Champions"
15847,43,2,389.27,3,3,2,"332","Loyal Customers"
15850,24,2,238.85,4,3,2,"432","Loyal Customers"
15852,191,2,160.71,1,3,1,"131","Others"
15853,56,1,110.8,3,1,1,"311","Others"
15854,9,12,2974.65,5,5,5,"555","Champions"
15855,141,5,712.24,2,4,3,"243","At Risk"
15856,9,31,16173.67,5,5,5,"555","Champions"
15857,23,1,297,4,1,2,"412","New Customers"
15858,20,5,1438.85,4,4,4,"444","Champions"
15860,45,8,977.21,3,5,4,"354","Loyal Customers"
15861,17,9,3000.36,4,5,5,"455","Champions"
15862,13,4,832.88,5,4,3,"543","Loyal Customers"
15863,30,2,68.84,4,3,1,"431","Loyal Customers"
15864,27,8,1769.78,4,5,4,"454","Champions"
15865,45,3,895.13,3,3,3,"333","Loyal Customers"
15866,106,1,230.53,2,1,1,"211","Lost"
15867,10,16,3797.79,5,5,5,"555","Champions"
15869,282,2,149.64,1,3,1,"131","Others"
15870,37,1,354.09,3,1,2,"312","Others"
15872,19,2,360.93,4,3,2,"432","Loyal Customers"
15874,68,9,4330.67,3,5,5,"355","Loyal Customers"
15877,6,3,440.78,5,3,2,"532","Loyal Customers"
15880,374,2,313.28,1,3,2,"132","Others"
15881,317,8,438.24,1,5,2,"152","At Risk"
15882,203,5,495.36,1,4,3,"143","At Risk"
15883,7,2,396.48,5,3,2,"532","Loyal Customers"
15885,97,3,379.35,2,3,2,"232","Others"
15886,65,1,181.09,3,1,1,"311","Others"
15888,84,2,141.27,2,3,1,"231","Others"
15889,161,2,446.87,2,3,2,"232","Others"
15891,231,1,524.52,1,1,3,"113","Lost"
15894,258,2,263.55,1,3,2,"132","Others"
15895,154,1,179.17,2,1,1,"211","Lost"
15897,199,2,222.05,1,3,1,"131","Others"
15898,6,6,1384.68,5,4,4,"544","Champions"
15899,373,1,56.25,1,1,1,"111","Lost"
15900,28,1,351.11,4,1,2,"412","New Customers"
15901,21,3,363.88,4,3,2,"432","Loyal Customers"
15903,14,8,5126.34,5,5,5,"555","Champions"
15904,13,1,164.68,5,1,1,"511","New Customers"
15906,24,8,1521.79,4,5,4,"454","Champions"
15907,8,3,967.45,5,3,4,"534","Loyal Customers"
15909,178,1,191.94,2,1,1,"211","Lost"
15910,5,8,1232.18,5,5,4,"554","Champions"
15912,183,2,264.62,2,3,2,"232","Others"
15916,21,10,1491.24,4,5,4,"454","Champions"
15917,252,1,123.1,1,1,1,"111","Lost"
15918,195,2,334.23,1,3,2,"132","Others"
15919,24,2,639.89,4,3,3,"433","Loyal Customers"
15920,159,4,167.5,2,4,1,"241","At Risk"
15921,177,1,336.03,2,1,2,"212","Lost"
15922,377,2,363.6,1,3,2,"132","Others"
15923,377,1,127.08,1,1,1,"111","Lost"
15925,199,1,207.15,1,1,1,"111","Lost"
15930,72,1,426.63,3,1,2,"312","Others"
15932,9,11,2461.85,5,5,5,"555","Champions"
15933,26,3,1107.46,4,3,4,"434","Loyal Customers"
15935,244,2,416.86,1,3,2,"132","Others"
15937,69,1,145.35,3,1,1,"311","Others"
15938,117,5,404.58,2,4,2,"242","At Risk"
15939,94,16,6102.26,2,5,5,"255","At Risk"
15940,316,2,31.8,1,3,1,"131","Others"
15942,138,1,337.44,2,1,2,"212","Lost"
15944,281,1,325.1,1,1,2,"112","Lost"
15945,370,1,181,1,1,1,"111","Lost"
15947,87,1,1708.24,2,1,4,"214","Lost"
15948,13,2,955.24,5,3,4,"534","Loyal Customers"
15949,21,2,364.72,4,3,2,"432","Loyal Customers"
15950,6,5,1705.26,5,4,4,"544","Champions"
15951,6,3,669.57,5,3,3,"533","Loyal Customers"
15952,38,4,806.57,3,4,3,"343","Loyal Customers"
15953,20,10,1634.53,4,5,4,"454","Champions"
15955,29,16,4389.81,4,5,5,"455","Champions"
15957,36,1,428.89,4,1,2,"412","New Customers"
15958,79,1,104.35,2,1,1,"211","Lost"
15963,24,2,470.76,4,3,3,"433","Loyal Customers"
15965,22,4,845.64,4,4,3,"443","Loyal Customers"
15967,28,2,418.83,4,3,2,"432","Loyal Customers"
15969,7,4,582.9,5,4,3,"543","Loyal Customers"
15970,308,1,314.1,1,1,2,"112","Lost"
15971,22,12,4199.85,4,5,5,"455","Champions"
15973,240,3,99.77,1,3,1,"131","Others"
15974,44,8,3429.55,3,5,5,"355","Loyal Customers"
15975,89,1,371.01,2,1,2,"212","Lost"
15976,170,2,430.94,2,3,2,"232","Others"
15977,22,2,1054.73,4,3,4,"434","Loyal Customers"
15978,82,1,1098.78,2,1,4,"214","Lost"
15980,93,3,2398.86,2,3,5,"235","Others"
15981,29,8,3408.48,4,5,5,"455","Champions"
15983,27,4,1475.02,4,4,4,"444","Champions"
15984,7,11,2816.97,5,5,5,"555","Champions"
15985,128,3,1037.42,2,3,4,"234","Others"
15986,35,1,168.12,4,1,1,"411","New Customers"
15987,17,7,1451.28,4,5,4,"454","Champions"
15988,24,1,158.03,4,1,1,"411","New Customers"
15990,49,2,792.11,3,3,3,"333","Loyal Customers"
15992,8,1,41.99,5,1,1,"511","New Customers"
15993,13,10,2756.82,5,5,5,"555","Champions"
15994,59,1,427.07,3,1,2,"312","Others"
15996,93,7,1044.78,2,5,4,"254","At Risk"
15998,41,6,3084.17,3,4,5,"345","Loyal Customers"
16000,7,3,12393.7,5,3,5,"535","Loyal Customers"
16003,34,5,2735.37,4,4,5,"445","Champions"
16005,17,4,615.39,4,4,3,"443","Loyal Customers"
16006,216,1,101.4,1,1,1,"111","Lost"
16007,52,4,1701.94,3,4,4,"344","Loyal Customers"
16008,28,3,478.78,4,3,3,"433","Loyal Customers"
16009,27,4,992.71,4,4,4,"444","Champions"
16010,250,3,407.5,1,3,2,"132","Others"
16011,13,16,3362.71,5,5,5,"555","Champions"
16012,40,3,1415.29,3,3,4,"334","Loyal Customers"
16013,8,54,33366.25,5,5,5,"555","Champions"
16014,40,4,653.13,3,4,3,"343","Loyal Customers"
16015,8,4,690.54,5,4,3,"543","Loyal Customers"
16016,8,10,1483.31,5,5,4,"554","Champions"
16017,52,1,211.88,3,1,1,"311","Others"
16018,44,2,408.9,3,3,2,"332","Loyal Customers"
16019,6,10,3450.24,5,5,5,"555","Champions"
16020,21,3,851.01,4,3,3,"433","Loyal Customers"
16022,265,1,628.28,1,1,3,"113","Lost"
16023,51,3,719.81,3,3,3,"333","Loyal Customers"
16024,17,1,251.24,4,1,2,"412","New Customers"
16025,34,1,439.66,4,1,2,"412","New Customers"
16026,48,1,236.09,3,1,2,"312","Others"
16027,96,7,852.12,2,5,3,"253","At Risk"
16029,43,76,50992.61,3,5,5,"355","Loyal Customers"
16030,314,1,331.24,1,1,2,"112","Lost"
16031,97,2,548.94,2,3,3,"233","Others"
16033,10,27,8727.61,5,5,5,"555","Champions"
16034,201,3,437.7,1,3,2,"132","Others"
16036,92,2,758.92,2,3,3,"233","Others"
16037,274,3,855.02,1,3,3,"133","Others"
16038,12,4,454.33,5,4,2,"542","Loyal Customers"
16040,70,3,1313.55,3,3,4,"334","Loyal Customers"
16041,35,3,3166.4,4,3,5,"435","Loyal Customers"
16042,27,7,1147.37,4,5,4,"454","Champions"
16043,42,4,773.99,3,4,3,"343","Loyal Customers"
16045,124,4,1340.7,2,4,4,"244","At Risk"
16048,90,3,243.69,2,3,2,"232","Others"
16049,45,3,1111.79,3,3,4,"334","Loyal Customers"
16050,178,1,137.9,2,1,1,"211","Lost"
16052,59,1,362.06,3,1,2,"312","Others"
16053,37,2,1511.95,3,3,4,"334","Loyal Customers"
16054,150,1,783.9,2,1,3,"213","Lost"
16055,225,1,134.8,1,1,1,"111","Lost"
16056,50,1,664.85,3,1,3,"313","Others"
16057,9,10,2140.22,5,5,5,"555","Champions"
16059,70,6,1459.86,3,4,4,"344","Loyal Customers"
16061,274,1,-29.95,1,1,1,"111","Lost"
16062,14,4,1153.62,5,4,4,"544","Champions"
16063,265,1,335.32,1,1,2,"112","Lost"
16065,370,1,372.09,1,1,2,"112","Lost"
16066,21,5,1521.87,4,4,4,"444","Champions"
16070,27,2,852.15,4,3,3,"433","Loyal Customers"
16071,49,1,326.24,3,1,2,"312","Others"
16072,293,1,584.32,1,1,3,"113","Lost"
16073,296,2,94.35,1,3,1,"131","Others"
16076,8,11,2173.53,5,5,5,"555","Champions"
16078,288,1,79.2,1,1,1,"111","Lost"
16079,21,3,1352,4,3,4,"434","Loyal Customers"
16080,86,3,176.6,2,3,1,"231","Others"
16081,61,5,2806.9,3,4,5,"345","Loyal Customers"
16083,105,2,1317.62,2,3,4,"234","Others"
16084,304,1,436.18,1,1,2,"112","Lost"
16085,28,5,981.51,4,4,4,"444","Champions"
16086,64,6,1119.31,3,4,4,"344","Loyal Customers"
16091,159,2,315.06,2,3,2,"232","Others"
16092,103,5,779.36,2,4,3,"243","At Risk"
16093,111,1,17,2,1,1,"211","Lost"
16094,16,6,1041.83,5,4,4,"544","Champions"
16096,269,1,320.62,1,1,2,"112","Lost"
16097,245,1,185.05,1,1,1,"111","Lost"
16098,92,7,2005.63,2,5,5,"255","At Risk"
16099,55,3,731.9,3,3,3,"333","Loyal Customers"
16101,14,3,1245.96,5,3,4,"534","Loyal Customers"
16102,47,3,1842.14,3,3,4,"334","Loyal Customers"
16103,12,6,1429.64,5,4,4,"544","Champions"
16104,66,1,302.36,3,1,2,"312","Others"
16105,253,1,336.96,1,1,2,"112","Lost"
16106,70,1,108.38,3,1,1,"311","Others"
16107,22,7,3204.16,4,5,5,"455","Champions"
16108,89,2,816.1,2,3,3,"233","Others"
16109,223,2,611.88,1,3,3,"133","Others"
16110,50,3,1337.48,3,3,4,"334","Loyal Customers"
16112,148,4,195.74,2,4,1,"241","At Risk"
16113,188,1,161.38,1,1,1,"111","Lost"
16114,175,1,135.75,2,1,1,"211","Lost"
16115,14,8,1667.97,5,5,4,"554","Champions"
16116,210,2,592.88,1,3,3,"133","Others"
16117,194,1,232.21,1,1,1,"111","Lost"
16119,13,2,423.36,5,3,2,"532","Loyal Customers"
16120,64,5,1294.14,3,4,4,"344","Loyal Customers"
16121,62,2,867.11,3,3,3,"333","Loyal Customers"
16122,78,4,684.42,2,4,3,"243","At Risk"
16123,56,1,307.78,3,1,2,"312","Others"
16124,321,2,187.15,1,3,1,"131","Others"
16125,372,1,289.35,1,1,2,"112","Lost"
16126,34,4,6287.77,4,4,5,"445","Champions"
16127,44,1,656.25,3,1,3,"313","Others"
16128,22,5,1880.22,4,4,4,"444","Champions"
16131,56,6,3506.54,3,4,5,"345","Loyal Customers"
16133,8,46,14305.66,5,5,5,"555","Champions"
16134,26,3,603.69,4,3,3,"433","Loyal Customers"
16135,267,1,517.55,1,1,3,"113","Lost"
16136,64,3,709.38,3,3,3,"333","Loyal Customers"
16138,373,1,-7.95,1,1,1,"111","Lost"
16139,23,3,635.41,4,3,3,"433","Loyal Customers"
16140,57,4,703.77,3,4,3,"343","Loyal Customers"
16141,93,1,620.4,2,1,3,"213","Lost"
16142,254,1,535.34,1,1,3,"113","Lost"
16143,8,7,2419.84,5,5,5,"555","Champions"
16144,251,1,175.2,1,1,1,"111","Lost"
16145,13,18,3741.98,5,5,5,"555","Champions"
16146,162,3,734.13,2,3,3,"233","Others"
16147,138,1,375,2,1,2,"212","Lost"
16148,301,1,76.32,1,1,1,"111","Lost"
16149,9,2,280.52,5,3,2,"532","Loyal Customers"
16150,43,10,1906.07,3,5,4,"354","Loyal Customers"
16152,273,1,1829.04,1,1,4,"114","Lost"
16153,54,5,1824.23,3,4,4,"344","Loyal Customers"
16156,13,13,3024.62,5,5,5,"555","Champions"
16157,20,4,644.24,4,4,3,"443","Loyal Customers"
16159,286,1,348.2,1,1,2,"112","Lost"
16160,69,4,1009.45,3,4,4,"344","Loyal Customers"
16161,6,26,5352.97,5,5,5,"555","Champions"
16162,257,1,37.4,1,1,1,"111","Lost"
16163,230,3,441.6,1,3,2,"132","Others"
16164,22,4,802.53,4,4,3,"443","Loyal Customers"
16168,15,28,3770.6,5,5,5,"555","Champions"
16169,13,4,1822.97,5,4,4,"544","Champions"
16170,55,7,1880.42,3,5,4,"354","Loyal Customers"
16171,64,1,73.2,3,1,1,"311","Others"
16172,100,5,1140.21,2,4,4,"244","At Risk"
16173,20,7,1406.57,4,5,4,"454","Champions"
16174,131,3,1009.55,2,3,4,"234","Others"
16175,99,4,1037.59,2,4,4,"244","At Risk"
16177,55,1,331.95,3,1,2,"312","Others"
16178,143,1,197.9,2,1,1,"211","Lost"
16179,65,1,215.83,3,1,1,"311","Others"
16180,105,10,10217.48,2,5,5,"255","At Risk"
16181,78,1,305.54,2,1,2,"212","Lost"
16182,77,4,6617.65,2,4,5,"245","At Risk"
16183,72,1,338.71,3,1,2,"312","Others"
16184,69,7,1155.54,3,5,4,"354","Loyal Customers"
16185,21,2,529.41,4,3,3,"433","Loyal Customers"
16186,27,13,3991.94,4,5,5,"455","Champions"
16187,36,17,6841.24,4,5,5,"455","Champions"
16188,49,4,981.86,3,4,4,"344","Loyal Customers"
16189,20,2,215.48,4,3,1,"431","Loyal Customers"
16190,45,1,215.08,3,1,1,"311","Others"
16191,7,25,4913.32,5,5,5,"555","Champions"
16193,241,1,314.45,1,1,2,"112","Lost"
16198,80,1,400.681,2,1,2,"212","Lost"
16200,9,2,1080.62,5,3,4,"534","Loyal Customers"
16201,8,5,1821.52,5,4,4,"544","Champions"
16202,365,1,365.27,1,1,2,"112","Lost"
16203,63,5,589.15,3,4,3,"343","Loyal Customers"
16204,28,1,405.71,4,1,2,"412","New Customers"
16205,35,4,761.38,4,4,3,"443","Loyal Customers"
16206,59,4,537.06,3,4,3,"343","Loyal Customers"
16207,30,1,394.38,4,1,2,"412","New Customers"
16208,49,2,664.26,3,3,3,"333","Loyal Customers"
16209,93,5,2262.62,2,4,5,"245","At Risk"
16210,6,18,21086.3,5,5,5,"555","Champions"
16211,86,2,542.77,2,3,3,"233","Others"
16212,24,3,681.19,4,3,3,"433","Loyal Customers"
16213,83,1,159,2,1,1,"211","Lost"
16214,175,3,1062.75,2,3,4,"234","Others"
16215,85,1,242.35,2,1,2,"212","Lost"
16216,272,1,914.93,1,1,4,"114","Lost"
16217,240,4,259.39,1,4,2,"142","At Risk"
16218,34,8,3054.87,4,5,5,"455","Champions"
16221,41,3,864.86,3,3,3,"333","Loyal Customers"
16222,323,1,846.72,1,1,3,"113","Lost"
16224,62,4,1295.3,3,4,4,"344","Loyal Customers"
16225,49,5,1096.32,3,4,4,"344","Loyal Customers"
16226,208,3,255.12,1,3,2,"132","Others"
16227,224,2,308.32,1,3,2,"132","Others"
16229,92,2,1010.6,2,3,4,"234","Others"
16230,194,2,542.03,1,3,3,"133","Others"
16232,37,5,983.23,3,4,4,"344","Loyal Customers"
16233,76,5,422.13,2,4,2,"242","At Risk"
16235,45,6,858.41,3,4,3,"343","Loyal Customers"
16236,83,1,432.2,2,1,2,"212","Lost"
16239,61,3,372.9,3,3,2,"332","Loyal Customers"
16240,13,5,3693.81,5,4,5,"545","Champions"
16241,14,13,2607.87,5,5,5,"555","Champions"
16242,13,8,3598.26,5,5,5,"555","Champions"
16243,38,2,409.1,3,3,2,"332","Loyal Customers"
16244,216,2,1522.75,1,3,4,"134","Others"
16245,28,5,1352.36,4,4,4,"444","Champions"
16247,175,1,114.56,2,1,1,"211","Lost"
16248,66,1,152.94,3,1,1,"311","Others"
16249,57,5,1800.07,3,4,4,"344","Loyal Customers"
16250,266,2,389.44,1,3,2,"132","Others"
16252,371,1,-295.09,1,1,1,"111","Lost"
16253,36,3,3665.62,4,3,5,"435","Loyal Customers"
16255,21,10,2609.3,4,5,5,"455","Champions"
16256,262,2,732.63,1,3,3,"133","Others"
16257,181,1,46.95,2,1,1,"211","Lost"
16258,50,5,5203.51,3,4,5,"345","Loyal Customers"
16260,55,1,1035.45,3,1,4,"314","Others"
16261,22,4,746.83,4,4,3,"443","Loyal Customers"
16262,365,1,-31.65,1,1,1,"111","Lost"
16265,14,11,5423.15,5,5,5,"555","Champions"
16266,78,7,861.89,2,5,3,"253","At Risk"
16268,76,2,667.65,2,3,3,"233","Others"
16270,358,1,1141.24,1,1,4,"114","Lost"
16271,7,6,1423.29,5,4,4,"544","Champions"
16272,121,1,411.7,2,1,2,"212","Lost"
16274,378,1,357.95,1,1,2,"112","Lost"
16275,201,1,559.87,1,1,3,"113","Lost"
16276,181,1,810.6,2,1,3,"213","Lost"
16278,28,3,537.83,4,3,3,"433","Loyal Customers"
16279,26,4,1496.68,4,4,4,"444","Champions"
16281,77,1,2062.06,2,1,5,"215","Lost"
16282,344,1,168.3,1,1,1,"111","Lost"
16283,10,7,1531.51,5,5,4,"554","Champions"
16284,36,2,823.97,4,3,3,"433","Loyal Customers"
16287,174,1,142.5,2,1,1,"211","Lost"
16292,122,2,280.9,2,3,2,"232","Others"
16293,13,12,2236.74,5,5,5,"555","Champions"
16295,14,4,1328.55,5,4,4,"544","Champions"
16297,217,4,275.4,1,4,2,"142","At Risk"
16298,27,3,598.2,4,3,3,"433","Loyal Customers"
16302,112,2,212.82,2,3,1,"231","Others"
16303,30,4,5305.83,4,4,5,"445","Champions"
16305,143,1,361.22,2,2,2,"222","Lost"
16306,218,9,602.27,1,5,3,"153","At Risk"
16308,42,4,2560,3,4,5,"345","Loyal Customers"
16309,96,3,686.67,2,3,3,"233","Others"
16311,22,2,616.26,4,3,3,"433","Loyal Customers"
16313,8,2,274.15,5,3,2,"532","Loyal Customers"
16315,335,1,226.37,1,2,1,"121","Lost"
16316,69,12,2755.56,3,5,5,"355","Loyal Customers"
16317,124,3,1341.65,2,3,4,"234","Others"
16318,40,1,328.15,3,2,2,"322","Others"
16319,222,1,404.4,1,2,2,"122","Lost"
16320,177,2,1038.46,2,3,4,"234","Others"
16321,77,7,230.7,2,5,1,"251","At Risk"
16322,6,2,326.75,5,3,2,"532","Loyal Customers"
16323,201,1,207.5,1,2,1,"121","Lost"
16324,133,3,428.68,2,3,2,"232","Others"
16325,49,5,510.54,3,4,3,"343","Loyal Customers"
16326,10,15,3085.96,5,5,5,"555","Champions"
16327,19,6,3844.22,4,4,5,"445","Champions"
16330,22,4,242.21,4,4,2,"442","Loyal Customers"
16332,33,8,1583.2,4,5,4,"454","Champions"
16333,12,22,26626.8,5,5,5,"555","Champions"
16337,41,1,151.05,3,2,1,"321","Others"
16338,162,1,214.8,2,2,1,"221","Lost"
16339,289,1,109.95,1,2,1,"121","Lost"
16340,112,1,549.07,2,2,3,"223","Lost"
16341,29,6,1959.38,4,4,4,"444","Champions"
16342,80,4,322.41,2,4,2,"242","At Risk"
16343,21,2,370.48,4,3,2,"432","Loyal Customers"
16344,163,1,101.1,2,2,1,"221","Lost"
16345,49,1,575.41,3,2,3,"323","Others"
16347,16,2,887.65,5,3,3,"533","Loyal Customers"
16348,37,7,1469.45,3,5,4,"354","Loyal Customers"
16349,295,1,53.5,1,2,1,"121","Lost"
16350,26,5,1100.47,4,4,4,"444","Champions"
16351,337,1,153.9,1,2,1,"121","Lost"
16352,22,2,494.44,4,3,3,"433","Loyal Customers"
16353,8,23,6675.71,5,5,5,"555","Champions"
16354,68,2,395.8,3,3,2,"332","Loyal Customers"
16356,202,4,210.32,1,4,1,"141","At Risk"
16357,38,3,658.88,3,3,3,"333","Loyal Customers"
16358,6,5,2024.95,5,4,5,"545","Champions"
16359,12,12,1460.37,5,5,4,"554","Champions"
16360,9,8,3411.69,5,5,5,"555","Champions"
16361,14,4,896.66,5,4,3,"543","Loyal Customers"
16362,37,9,652.07,3,5,3,"353","Loyal Customers"
16363,58,1,109.36,3,2,1,"321","Others"
16364,16,2,707.04,5,3,3,"533","Loyal Customers"
16365,22,9,1540.42,4,5,4,"454","Champions"
16366,23,1,327.3,4,2,2,"422","New Customers"
16367,42,2,804.49,3,3,3,"333","Loyal Customers"
16368,7,2,497.43,5,3,3,"533","Loyal Customers"
16369,23,3,1553.66,4,3,4,"434","Loyal Customers"
16370,87,4,1320.56,2,4,4,"244","At Risk"
16372,38,2,367.93,3,3,2,"332","Loyal Customers"
16374,71,2,473.03,3,3,3,"333","Loyal Customers"
16376,13,3,977.52,5,3,4,"534","Loyal Customers"
16377,272,1,676.2,1,2,3,"123","Lost"
16378,252,3,362.95,1,3,2,"132","Others"
16379,9,5,2131.9,5,4,5,"545","Champions"
16380,66,1,1780.59,3,2,4,"324","Others"
16383,79,2,668.36,2,3,3,"233","Others"
16384,94,2,584.5,2,3,3,"233","Others"
16385,65,3,555.89,3,3,3,"333","Loyal Customers"
16386,33,2,317.2,4,3,2,"432","Loyal Customers"
16387,327,1,94.36,1,2,1,"121","Lost"
16389,58,5,1362.27,3,4,4,"344","Loyal Customers"
16392,274,1,221.19,1,2,1,"121","Lost"
16393,7,20,2941.05,5,5,5,"555","Champions"
16394,55,9,1412.06,3,5,4,"354","Loyal Customers"
16395,65,5,1486.9,3,4,4,"344","Loyal Customers"
16398,149,4,1631.15,2,4,4,"244","At Risk"
16399,24,2,408.57,4,3,2,"432","Loyal Customers"
16400,99,1,303.93,2,2,2,"222","Lost"
16401,6,20,4061.24,5,5,5,"555","Champions"
16402,269,2,299.6,1,3,2,"132","Others"
16403,307,2,161.05,1,3,1,"131","Others"
16404,75,1,443.05,3,2,2,"322","Others"
16405,307,2,167.25,1,3,1,"131","Others"
16406,23,1,163.07,4,2,1,"421","New Customers"
16407,17,10,2126.93,4,5,5,"455","Champions"
16409,41,5,2028.88,3,4,5,"345","Loyal Customers"
16411,24,2,214.65,4,3,1,"431","Loyal Customers"
16412,58,1,151.83,3,2,1,"321","Others"
16413,61,1,262.2,3,2,2,"322","Others"
16414,26,2,126.25,4,3,1,"431","Loyal Customers"
16415,49,1,210.35,3,2,1,"321","Others"
16416,31,4,1026.99,4,4,4,"444","Champions"
16418,49,3,675.27,3,3,3,"333","Loyal Customers"
16419,117,7,959.48,2,5,4,"254","At Risk"
16422,22,75,33805.69,4,5,5,"455","Champions"
16423,29,1,346.12,4,2,2,"422","New Customers"
16424,196,2,82.56,1,3,1,"131","Others"
16425,307,1,302.7,1,2,2,"122","Lost"
16426,7,10,1908.25,5,5,4,"554","Champions"
16427,268,2,241.06,1,3,2,"132","Others"
16428,86,1,-2.95,2,2,1,"221","Lost"
16429,111,1,284.55,2,2,2,"222","Lost"
16430,62,1,300.85,3,2,2,"322","Others"
16431,218,3,642.81,1,3,3,"133","Others"
16432,69,1,287.4,3,2,2,"322","Others"
16433,33,1,184.26,4,2,1,"421","New Customers"
16434,34,7,1522.25,4,5,4,"454","Champions"
16438,10,5,798.35,5,4,3,"543","Loyal Customers"
16440,12,5,3640.67,5,4,5,"545","Champions"
16441,72,2,381.2,3,3,2,"332","Loyal Customers"
16442,6,3,616.79,5,3,3,"533","Loyal Customers"
16444,51,5,638.77,3,4,3,"343","Loyal Customers"
16445,38,1,230.51,3,2,1,"321","Others"
16446,5,3,2.90000000000001,5,3,1,"531","Loyal Customers"
16447,140,1,259.01,2,2,2,"222","Lost"
16448,203,1,188.89,1,2,1,"121","Lost"
16449,195,3,674.69,1,3,3,"133","Others"
16450,154,1,311.92,2,2,2,"222","Lost"
16451,92,1,266.97,2,2,2,"222","Lost"
16454,49,3,-8.15,3,3,1,"331","Loyal Customers"
16455,68,7,1841.18,3,5,4,"354","Loyal Customers"
16456,104,5,2158.37,2,4,5,"245","At Risk"
16457,223,1,208.36,1,2,1,"121","Lost"
16458,7,18,3482.74,5,5,5,"555","Champions"
16460,33,3,814.72,4,3,3,"433","Loyal Customers"
16461,182,1,151.42,2,2,1,"221","Lost"
16462,69,4,102,3,4,1,"341","Loyal Customers"
16463,26,7,1383.7,4,5,4,"454","Champions"
16464,24,3,1314.68,4,3,4,"434","Loyal Customers"
16466,38,7,1603.46,3,5,4,"354","Loyal Customers"
16468,79,1,74.9,2,2,1,"221","Lost"
16469,28,4,650.43,4,4,3,"443","Loyal Customers"
16470,56,5,757.44,3,4,3,"343","Loyal Customers"
16471,279,1,223.95,1,2,1,"121","Lost"
16473,169,4,314.86,2,4,2,"242","At Risk"
16474,12,11,1811.47,5,5,4,"554","Champions"
16475,93,4,544.3,2,4,3,"243","At Risk"
16477,68,7,2494.46,3,5,5,"355","Loyal Customers"
16478,30,3,331,4,3,2,"432","Loyal Customers"
16479,15,2,300.83,5,3,2,"532","Loyal Customers"
16480,80,1,769.29,2,2,3,"223","Lost"
16482,20,1,220.62,4,2,1,"421","New Customers"
16483,197,1,139.35,1,2,1,"121","Lost"
16484,178,3,379.4,2,3,2,"232","Others"
16485,82,1,363.65,2,2,2,"222","Lost"
16488,38,4,492.2,3,4,3,"343","Loyal Customers"
16491,51,1,731.5,3,2,3,"323","Others"
16493,77,6,1329.66,2,4,4,"244","At Risk"
16494,301,1,826.53,1,2,3,"123","Lost"
16495,8,3,684.41,5,3,3,"533","Loyal Customers"
16496,13,4,1562.22,5,4,4,"544","Champions"
16497,54,6,2965.69,3,4,5,"345","Loyal Customers"
16498,166,3,86.12,2,3,1,"231","Others"
16499,365,5,319.1,1,4,2,"142","At Risk"
16500,9,6,400.86,5,4,2,"542","Loyal Customers"
16503,111,5,1421.43,2,4,4,"244","At Risk"
16504,30,1,484.38,4,2,3,"423","New Customers"
16505,36,1,777.6,4,2,3,"423","New Customers"
16506,24,2,90.3,4,3,1,"431","Loyal Customers"
16509,301,1,363.7,1,2,2,"122","Lost"
16510,377,1,248.1,1,2,2,"122","Lost"
16511,26,3,950.26,4,3,4,"434","Loyal Customers"
16513,9,4,874.59,5,4,3,"543","Loyal Customers"
16515,57,5,1627.13,3,4,4,"344","Loyal Customers"
16516,35,1,101.7,4,2,1,"421","New Customers"
16517,282,1,162.7,1,2,1,"121","Lost"
16518,66,3,480.92,3,3,3,"333","Loyal Customers"
16519,30,2,215.08,4,3,1,"431","Loyal Customers"
16520,191,4,1036.62,1,4,4,"144","At Risk"
16523,6,28,9295.67,5,5,5,"555","Champions"
16525,7,29,11895.57,5,5,5,"555","Champions"
16526,176,1,290.36,2,2,2,"222","Lost"
16527,86,1,228.06,2,2,1,"221","Lost"
16528,8,1,244.41,5,2,2,"522","New Customers"
16529,195,1,455.25,1,2,2,"122","Lost"
16531,27,7,1244.59,4,5,4,"454","Champions"
16532,22,3,6748.8,4,3,5,"435","Loyal Customers"
16533,24,5,1026.94,4,4,4,"444","Champions"
16535,10,1,593.75,5,2,3,"523","New Customers"
16536,112,2,539.02,2,3,3,"233","Others"
16539,7,4,1388.81,5,4,4,"544","Champions"
16542,58,1,119.62,3,2,1,"321","Others"
16545,169,1,339.3,2,2,2,"222","Lost"
16546,295,3,-95.93,1,3,1,"131","Others"
16549,15,10,4154.64,5,5,5,"555","Champions"
16550,113,9,2266.25,2,5,5,"255","At Risk"
16551,100,3,922.12,2,3,4,"234","Others"
16552,247,2,379.73,1,3,2,"132","Others"
16553,168,14,5664.57,2,5,5,"255","At Risk"
16554,8,7,641.55,5,5,3,"553","Loyal Customers"
16555,40,2,285.89,3,3,2,"332","Loyal Customers"
16556,71,7,3313.79,3,5,5,"355","Loyal Customers"
16557,29,2,281.85,4,3,2,"432","Loyal Customers"
16558,5,24,8257.04,5,5,5,"555","Champions"
16560,26,3,816.51,4,3,3,"433","Loyal Customers"
16561,10,2,511.12,5,3,3,"533","Loyal Customers"
16563,58,1,1077.74,3,2,4,"324","Others"
16565,369,1,173.7,1,2,1,"121","Lost"
16566,20,6,614.01,4,4,3,"443","Loyal Customers"
16567,199,2,865.6,1,3,3,"133","Others"
16569,8,1,124.2,5,2,1,"521","New Customers"
16570,13,15,3622.95,5,5,5,"555","Champions"
16571,8,5,1285.22,5,4,4,"544","Champions"
16572,132,4,999.7,2,4,4,"244","At Risk"
16573,78,4,648.41,2,4,3,"243","At Risk"
16574,76,1,451.44,2,2,2,"222","Lost"
16579,370,1,-30.6,1,2,1,"121","Lost"
16581,160,2,70.44,2,3,1,"231","Others"
16582,118,1,313.62,2,2,2,"222","Lost"
16583,378,1,233.45,1,2,1,"121","Lost"
16584,85,3,908.03,2,3,3,"233","Others"
16586,253,1,463.95,1,2,2,"122","Lost"
16587,237,1,225.15,1,2,1,"121","Lost"
16589,76,3,459.24,2,3,2,"232","Others"
16591,73,1,213.5,3,2,1,"321","Others"
16592,9,19,4073.28,5,5,5,"555","Champions"
16593,55,3,330.03,3,3,2,"332","Loyal Customers"
16594,80,1,181.09,2,2,1,"221","Lost"
16595,66,1,360.16,3,2,2,"322","Others"
16596,20,2,250.15,4,3,2,"432","Loyal Customers"
16597,9,1,90.04,5,2,1,"521","New Customers"
16598,282,2,140.7,1,3,1,"131","Others"
16600,9,6,813.52,5,4,3,"543","Loyal Customers"
16601,45,1,244.8,3,2,2,"322","Others"
16602,36,2,494.73,4,3,3,"433","Loyal Customers"
16603,79,2,482.47,2,3,3,"233","Others"
16607,22,16,3038.67,4,5,5,"455","Champions"
16609,20,9,5450.96,4,5,5,"455","Champions"
16610,224,1,75.66,1,2,1,"121","Lost"
16611,191,2,120.99,1,3,1,"131","Others"
16612,37,4,1187.66,3,4,4,"344","Loyal Customers"
16613,75,1,618.59,3,2,3,"323","Others"
16614,187,1,506.19,1,2,3,"123","Lost"
16616,20,2,500.42,4,3,3,"433","Loyal Customers"
16617,240,1,151.85,1,2,1,"121","Lost"
16618,36,6,2630.64,4,4,5,"445","Champions"
16619,258,2,204.41,1,3,1,"131","Others"
16620,8,2,178.96,5,3,1,"531","Loyal Customers"
16621,56,4,813.48,3,4,3,"343","Loyal Customers"
16623,250,1,129.45,1,2,1,"121","Lost"
16624,85,2,810.57,2,3,3,"233","Others"
16625,279,1,333.08,1,2,2,"122","Lost"
16626,5,20,4379.65,5,5,5,"555","Champions"
16627,84,1,322.8,2,2,2,"222","Lost"
16628,34,6,2183.04,4,4,5,"445","Champions"
16629,78,2,417.73,2,3,2,"232","Others"
16633,22,7,2878.15,4,5,5,"455","Champions"
16634,227,2,217.9,1,3,1,"131","Others"
16637,37,5,1124.59,3,4,4,"344","Loyal Customers"
16638,27,11,1676.47,4,5,4,"454","Champions"
16639,30,4,1169.38,4,4,4,"444","Champions"
16641,110,1,231.1,2,2,1,"221","Lost"
16642,9,3,679.83,5,3,3,"533","Loyal Customers"
16643,250,1,487.51,1,2,3,"123","Lost"
16644,182,2,833.78,2,3,3,"233","Others"
16647,174,2,214.06,2,3,1,"231","Others"
16648,43,2,270.86,3,3,2,"332","Loyal Customers"
16650,76,1,518.42,2,2,3,"223","Lost"
16652,58,11,6654.26,3,5,5,"355","Loyal Customers"
16653,21,3,1166.92,4,3,4,"434","Loyal Customers"
16654,146,5,594.97,2,4,3,"243","At Risk"
16655,22,6,3794.52,4,4,5,"445","Champions"
16656,27,21,8568.24,4,5,5,"455","Champions"
16657,14,4,933.62,5,4,4,"544","Champions"
16658,373,1,123.24,1,2,1,"121","Lost"
16659,194,1,39.12,1,2,1,"121","Lost"
16660,21,5,810.45,4,4,3,"443","Loyal Customers"
16665,367,1,135.4,1,2,1,"121","Lost"
16666,24,1,118.98,4,2,1,"421","New Customers"
16667,73,2,570.13,3,3,3,"333","Loyal Customers"
16668,20,6,306.72,4,4,2,"442","Loyal Customers"
16669,28,4,1370.87,4,4,4,"444","Champions"
16670,21,17,4022.46,4,5,5,"455","Champions"
16671,33,3,1692.27,4,3,4,"434","Loyal Customers"
16672,7,23,8093.59,5,5,5,"555","Champions"
16674,59,2,319.61,3,3,2,"332","Loyal Customers"
16676,38,5,1558.72,3,4,4,"344","Loyal Customers"
16678,7,17,3013.83,5,5,5,"555","Champions"
16679,371,1,129.75,1,2,1,"121","Lost"
16680,48,1,183.7,3,2,1,"321","Others"
16681,77,6,1770.34,2,4,4,"244","At Risk"
16682,9,5,1028,5,4,4,"544","Champions"
16684,9,31,65892.08,5,5,5,"555","Champions"
16685,66,2,324.24,3,3,2,"332","Loyal Customers"
16686,52,9,3043.48,3,5,5,"355","Loyal Customers"
16688,6,4,1260.86,5,4,4,"544","Champions"
16689,80,3,303.26,2,3,2,"232","Others"
16690,48,3,208.63,3,3,1,"331","Loyal Customers"
16692,261,2,1276,1,3,4,"134","Others"
16693,73,2,482.01,3,3,3,"333","Loyal Customers"
16696,140,4,657.9,2,4,3,"243","At Risk"
16697,246,1,112.75,1,2,1,"121","Lost"
16698,231,2,1998,1,3,4,"134","Others"
16700,13,17,5040,5,5,5,"555","Champions"
16701,13,18,5150.27,5,5,5,"555","Champions"
16705,5,29,13946.13,5,5,5,"555","Champions"
16706,42,3,531.35,3,3,3,"333","Loyal Customers"
16708,50,1,656.63,3,2,3,"323","Others"
16709,89,5,3029.87,2,4,5,"245","At Risk"
16710,24,10,2483.04,4,5,5,"455","Champions"
16711,8,5,1651.03,5,4,4,"544","Champions"
16712,14,11,3645.43,5,5,5,"555","Champions"
16713,23,21,6840.23,4,5,5,"455","Champions"
16714,223,4,911.53,1,4,4,"144","At Risk"
16715,83,1,301.72,2,2,2,"222","Lost"
16716,271,3,319.8,1,3,2,"132","Others"
16717,14,9,3278.36,5,5,5,"555","Champions"
16718,374,1,623.75,1,2,3,"123","Lost"
16719,19,8,1773.92,4,5,4,"454","Champions"
16720,31,1,155.24,4,2,1,"421","New Customers"
16721,267,1,292.47,1,2,2,"122","Lost"
16722,22,16,4711.21,4,5,5,"455","Champions"
16723,96,2,589.15,2,3,3,"233","Others"
16725,307,8,775.07,1,5,3,"153","At Risk"
16726,31,5,1382.02,4,4,4,"444","Champions"
16727,369,1,272.82,1,2,2,"122","Lost"
16728,51,4,1054.67,3,4,4,"344","Loyal Customers"
16729,41,26,7076.28,3,5,5,"355","Loyal Customers"
16730,57,4,702.79,3,4,3,"343","Loyal Customers"
16732,36,1,603.75,4,2,3,"423","New Customers"
16734,57,3,650.51,3,3,3,"333","Loyal Customers"
16735,83,7,2269.21,2,5,5,"255","At Risk"
16737,58,1,417.6,3,2,2,"322","Others"
16738,302,1,3.75,1,2,1,"121","Lost"
16739,177,2,312.55,2,3,2,"232","Others"
16742,51,2,0,3,3,1,"331","Loyal Customers"
16743,34,8,2191.84,4,5,5,"455","Champions"
16744,16,7,1304.76,5,5,4,"554","Champions"
16745,91,18,7170.7,2,5,5,"255","At Risk"
16746,9,19,6694.31,5,5,5,"555","Champions"
16747,30,4,826.96,4,4,3,"443","Loyal Customers"
16748,22,5,1515.9,4,4,4,"444","Champions"
16750,49,5,623.93,3,4,3,"343","Loyal Customers"
16751,35,1,1764.72,4,2,4,"424","New Customers"
16752,377,1,207.5,1,2,1,"121","Lost"
16753,63,1,223.92,3,2,1,"321","Others"
16754,377,1,2002.4,1,2,4,"124","Lost"
16755,119,5,1484.63,2,4,4,"244","At Risk"
16756,219,1,239.4,1,2,2,"122","Lost"
16757,323,1,106.83,1,2,1,"121","Lost"
16758,70,1,369.34,3,2,2,"322","Others"
16759,12,4,772.84,5,4,3,"543","Loyal Customers"
16761,101,1,316.62,2,2,2,"222","Lost"
16762,24,3,1501.38,4,3,4,"434","Loyal Customers"
16763,190,2,594.9,1,3,3,"133","Others"
16764,8,18,2758.25,5,5,5,"555","Champions"
16765,299,1,34,1,2,1,"121","Lost"
16766,278,2,1145.6,1,3,4,"134","Others"
16767,35,11,5580.6,4,5,5,"455","Champions"
16768,52,5,458.04,3,4,2,"342","Loyal Customers"
16769,265,1,380.39,1,2,2,"122","Lost"
16770,62,6,744.9,3,4,3,"343","Loyal Customers"
16771,38,5,2246.81,3,4,5,"345","Loyal Customers"
16773,62,1,171.59,3,2,1,"321","Others"
16774,72,5,654.92,3,4,3,"343","Loyal Customers"
16775,15,11,1695.66,5,5,4,"554","Champions"
16776,65,1,388.28,3,2,2,"322","Others"
16777,85,2,226.35,2,3,1,"231","Others"
16778,79,2,245.94,2,3,2,"232","Others"
16779,7,28,10454.05,5,5,5,"555","Champions"
16780,105,2,425.19,2,3,2,"232","Others"
16781,370,2,294.65,1,3,2,"132","Others"
16782,15,19,2242.25,5,5,5,"555","Champions"
16784,24,1,107.6,4,2,1,"421","New Customers"
16788,128,2,597.48,2,3,3,"233","Others"
16789,13,1,80.8,5,2,1,"521","New Customers"
16790,8,8,1520.12,5,5,4,"554","Champions"
16791,34,8,1706.28,4,5,4,"454","Champions"
16792,287,2,110.38,1,3,1,"131","Others"
16793,62,1,243.84,3,2,2,"322","Others"
16794,6,12,1201.51,5,5,4,"554","Champions"
16795,370,1,414.88,1,2,2,"122","Lost"
16796,94,1,305.62,2,2,2,"222","Lost"
16800,16,1,1201.49,5,2,4,"524","New Customers"
16801,168,5,867.83,2,4,3,"243","At Risk"
16803,70,1,332.3,3,2,2,"322","Others"
16804,28,3,536.99,4,3,3,"433","Loyal Customers"
16805,178,2,460.59,2,3,2,"232","Others"
16806,108,4,801.49,2,4,3,"243","At Risk"
16807,147,3,1121.59,2,3,4,"234","Others"
16808,104,2,288.42,2,3,2,"232","Others"
16809,28,6,912.74,4,4,4,"444","Champions"
16810,197,2,275.64,1,3,2,"132","Others"
16811,9,2,547.07,5,3,3,"533","Loyal Customers"
16812,365,1,479.35,1,2,3,"123","Lost"
16813,13,10,1692.98,5,5,4,"554","Champions"
16814,19,22,6500.6,4,5,5,"455","Champions"
16816,108,4,417.06,2,4,2,"242","At Risk"
16817,7,13,1446.95,5,5,4,"554","Champions"
16818,15,13,3317.97,5,5,5,"555","Champions"
16820,100,1,497.61,2,2,3,"223","Lost"
16823,232,1,358.38,1,2,2,"122","Lost"
16824,20,2,460.64,4,3,2,"432","Loyal Customers"
16825,43,2,775.18,3,3,3,"333","Loyal Customers"
16826,56,1,341.7,3,2,2,"322","Others"
16828,98,2,128.5,2,3,1,"231","Others"
16829,161,1,197.22,2,2,1,"221","Lost"
16830,43,1,325.91,3,2,2,"322","Others"
16832,189,3,199.15,1,3,1,"131","Others"
16833,6,4,1106.53,5,4,4,"544","Champions"
16834,232,1,413.46,1,2,2,"122","Lost"
16835,133,2,180.85,2,3,1,"231","Others"
16836,44,2,251.87,3,3,2,"332","Loyal Customers"
16837,36,12,3167.73,4,5,5,"455","Champions"
16838,202,3,582.9,1,3,3,"133","Others"
16839,13,39,15357.78,5,5,5,"555","Champions"
16841,41,7,1774.62,3,5,4,"354","Loyal Customers"
16842,69,4,1260.44,3,4,4,"344","Loyal Customers"
16843,47,17,10183.82,3,5,5,"355","Loyal Customers"
16846,55,1,214.32,3,2,1,"321","Others"
16847,48,1,193.44,3,2,1,"321","Others"
16848,57,1,281.42,3,2,2,"322","Others"
16849,191,1,124.57,1,2,1,"121","Lost"
16850,338,1,332.41,1,2,2,"122","Lost"
16851,9,3,342.45,5,3,2,"532","Loyal Customers"
16852,15,2,144.91,5,3,1,"531","Loyal Customers"
16855,28,2,328.4,4,3,2,"432","Loyal Customers"
16856,19,1,35.4,4,2,1,"421","New Customers"
16858,371,2,345.89,1,3,2,"132","Others"
16859,111,5,473.14,2,4,3,"243","At Risk"
16861,64,3,151.65,3,3,1,"331","Loyal Customers"
16863,34,4,481.35,4,4,3,"443","Loyal Customers"
16866,145,3,207.74,2,3,1,"231","Others"
16869,27,5,805.62,4,4,3,"443","Loyal Customers"
16871,27,7,2761.49,4,5,5,"455","Champions"
16872,82,3,680.02,2,3,3,"233","Others"
16873,9,10,7066.31,5,5,5,"555","Champions"
16875,69,9,2023.47,3,5,5,"355","Loyal Customers"
16877,17,6,853.72,4,4,3,"443","Loyal Customers"
16878,29,2,0,4,3,1,"431","Loyal Customers"
16880,35,7,1519.08,4,5,4,"454","Champions"
16881,71,1,432,3,2,2,"322","Others"
16882,71,3,705.12,3,3,3,"333","Loyal Customers"
16883,192,2,276.73,1,3,2,"132","Others"
16884,42,2,429.84,3,3,2,"332","Loyal Customers"
16885,20,3,471.51,4,3,3,"433","Loyal Customers"
16887,40,1,194.88,3,2,1,"321","Others"
16889,199,3,1578.67,1,3,4,"134","Others"
16891,6,5,809.7,5,4,3,"543","Loyal Customers"
16892,6,7,496.84,5,5,3,"553","Loyal Customers"
16893,371,1,145.93,1,2,1,"121","Lost"
16895,69,1,219.14,3,2,1,"321","Others"
16897,304,3,213.03,1,3,1,"131","Others"
16898,31,4,444.46,4,4,2,"442","Loyal Customers"
16899,12,6,1281.56,5,4,4,"544","Champions"
16900,16,5,187.69,5,4,1,"541","Loyal Customers"
16902,121,1,1706.88,2,2,4,"224","Lost"
16903,34,1,373.24,4,2,2,"422","New Customers"
16904,9,16,3754.27,5,5,5,"555","Champions"
16905,10,8,3085.48,5,5,5,"555","Champions"
16906,86,4,579.77,2,4,3,"243","At Risk"
16907,34,5,981.65,4,4,4,"444","Champions"
16909,69,2,364.14,3,3,2,"332","Loyal Customers"
16910,9,8,1510.06,5,5,4,"554","Champions"
16912,28,14,2528.67,4,5,5,"455","Champions"
16913,295,1,113.44,1,2,1,"121","Lost"
16914,41,1,208.46,3,2,1,"321","Others"
16915,14,6,621.68,5,4,3,"543","Loyal Customers"
16916,28,2,576.26,4,3,3,"433","Loyal Customers"
16917,281,1,391.52,1,2,2,"122","Lost"
16918,54,7,1043.34,3,5,4,"354","Loyal Customers"
16919,161,11,2596.45,2,5,5,"255","At Risk"
16921,66,1,169.79,3,2,1,"321","Others"
16923,17,26,6666.83,4,5,5,"455","Champions"
16924,26,4,739.5,4,4,3,"443","Loyal Customers"
16926,376,1,230.25,1,2,1,"121","Lost"
16927,120,3,543.05,2,3,3,"233","Others"
16928,85,19,2781.5,2,5,5,"255","At Risk"
16929,8,7,1295.39,5,5,4,"554","Champions"
16930,31,3,380.55,4,3,2,"432","Loyal Customers"
16931,10,21,4604.22,5,5,5,"555","Champions"
16932,58,1,161.94,3,2,1,"321","Others"
16933,6,5,530.08,5,4,3,"543","Loyal Customers"
16934,59,2,950.93,3,3,4,"334","Loyal Customers"
16936,30,1,262.68,4,2,2,"422","New Customers"
16938,13,5,1903.13,5,4,4,"544","Champions"
16940,57,3,3049.88,3,3,5,"335","Loyal Customers"
16942,17,10,1894.11,4,5,4,"454","Champions"
16943,216,3,816.73,1,3,3,"133","Others"
16945,26,19,4345.5,4,5,5,"455","Champions"
16947,240,1,406.48,1,2,2,"122","Lost"
16948,143,3,435.02,2,3,2,"232","Others"
16949,8,7,1161.27,5,5,4,"554","Champions"
16950,61,3,1178.56,3,3,4,"334","Loyal Customers"
16951,128,4,1262.75,2,4,4,"244","At Risk"
16952,114,2,167.61,2,3,1,"231","Others"
16953,35,1,20.8,4,2,1,"421","New Customers"
16954,5,9,2085.08,5,5,5,"555","Champions"
16955,189,5,493.67,1,4,3,"143","At Risk"
16956,14,2,292.34,5,3,2,"532","Loyal Customers"
16957,244,2,416.64,1,3,2,"132","Others"
16959,92,1,117.35,2,2,1,"221","Lost"
16960,43,3,507.05,3,3,3,"333","Loyal Customers"
16961,121,1,234.17,2,2,1,"221","Lost"
16963,192,1,110.55,1,2,1,"121","Lost"
16965,231,1,201.19,1,2,1,"121","Lost"
16966,13,10,2148.47,5,5,5,"555","Champions"
16967,194,1,319.02,1,2,2,"122","Lost"
16968,9,2,439.43,5,3,2,"532","Loyal Customers"
16969,44,3,650.41,3,3,3,"333","Loyal Customers"
16971,7,2,232.21,5,3,1,"531","Loyal Customers"
16976,272,1,251.52,1,2,2,"122","Lost"
16978,82,1,344.33,2,2,2,"222","Lost"
16979,8,8,1809.05,5,5,4,"554","Champions"
16980,260,2,1078.96,1,3,4,"134","Others"
16982,65,1,384.06,3,2,2,"322","Others"
16983,17,8,1920.2,4,5,4,"454","Champions"
16984,83,5,4392.42,2,4,5,"245","At Risk"
16985,22,11,5461.62,4,5,5,"455","Champions"
16986,34,2,1873.2,4,3,4,"434","Loyal Customers"
16987,8,7,1625.05,5,5,4,"554","Champions"
16988,10,1,126.12,5,2,1,"521","New Customers"
16989,12,6,1133.25,5,4,4,"544","Champions"
16990,223,1,179,1,2,1,"121","Lost"
16992,15,6,1601.86,5,4,4,"544","Champions"
16995,377,1,-1.25,1,2,1,"121","Lost"
16996,35,9,1427.46,4,5,4,"454","Champions"
16997,293,3,702,1,3,3,"133","Others"
16998,154,6,287.02,2,4,2,"242","At Risk"
16999,28,2,484.82,4,3,3,"433","Loyal Customers"
17001,5,11,3989.57,5,5,5,"555","Champions"
17002,78,4,1487.78,2,4,4,"244","At Risk"
17004,51,2,1412.94,3,3,4,"334","Loyal Customers"
17006,9,4,781.78,5,4,3,"543","Loyal Customers"
17007,55,7,877.43,3,5,3,"353","Loyal Customers"
17010,21,2,185.46,4,3,1,"431","Loyal Customers"
17011,35,1,270.9,4,2,2,"422","New Customers"
17014,13,4,565.58,5,4,3,"543","Loyal Customers"
17015,33,3,1842.56,4,3,4,"434","Loyal Customers"
17017,7,27,8574.11,5,5,5,"555","Champions"
17018,45,2,920.1,3,3,4,"334","Loyal Customers"
17019,16,4,1272.61,5,4,4,"544","Champions"
17022,36,1,71,4,2,1,"421","New Customers"
17024,50,3,95.85,3,3,1,"331","Loyal Customers"
17025,65,3,357.77,3,3,2,"332","Loyal Customers"
17026,190,2,154.83,1,3,1,"131","Others"
17027,83,7,848.59,2,5,3,"253","At Risk"
17029,115,2,716,2,3,3,"233","Others"
17030,68,1,146.87,3,2,1,"321","Others"
17031,16,2,380.35,5,3,2,"532","Loyal Customers"
17033,91,3,1030.14,2,3,4,"234","Others"
17034,21,4,734.57,4,4,3,"443","Loyal Customers"
17035,250,3,388.33,1,3,2,"132","Others"
17037,83,2,1253.22,2,3,4,"234","Others"
17038,35,1,112.4,4,2,1,"421","New Customers"
17040,142,1,449.73,2,2,2,"222","Lost"
17041,31,4,1065.77,4,4,4,"444","Champions"
17042,7,5,1044.38,5,4,4,"544","Champions"
17043,37,4,1735.18,3,4,4,"344","Loyal Customers"
17044,13,3,897.43,5,3,3,"533","Loyal Customers"
17045,118,3,339.44,2,3,2,"232","Others"
17046,162,1,642.02,2,2,3,"223","Lost"
17047,90,3,1100.9,2,3,4,"234","Others"
17048,120,6,864.32,2,4,3,"243","At Risk"
17049,7,11,5594.78,5,5,5,"555","Champions"
17050,101,6,3228.84,2,4,5,"245","At Risk"
17051,199,1,247.14,1,2,2,"122","Lost"
17052,33,1,413.75,4,2,2,"422","New Customers"
17053,133,2,496.38,2,3,3,"233","Others"
17054,33,6,1353.83,4,4,4,"444","Champions"
17058,86,3,1179.89,2,3,4,"234","Others"
17059,34,5,3095.04,4,4,5,"445","Champions"
17060,271,1,234.24,1,2,1,"121","Lost"
17061,78,12,5116.13,2,5,5,"255","At Risk"
17062,318,5,534.47,1,4,3,"143","At Risk"
17063,13,11,1421.59,5,5,4,"554","Champions"
17064,63,3,859.35,3,3,3,"333","Loyal Customers"
17065,148,1,-112.35,2,2,1,"221","Lost"
17068,17,22,4531.34,4,5,5,"455","Champions"
17069,33,13,2655.22,4,5,5,"455","Champions"
17070,119,1,312.14,2,2,2,"222","Lost"
17071,13,14,2385.48,5,5,5,"555","Champions"
17073,22,4,1446.09,4,4,4,"444","Champions"
17075,22,5,813.77,4,4,3,"443","Loyal Customers"
17076,41,3,841.08,3,3,3,"333","Loyal Customers"
17078,41,2,378.2,3,3,2,"332","Loyal Customers"
17079,83,1,118.8,2,2,1,"221","Lost"
17080,27,3,285.5,4,3,2,"432","Loyal Customers"
17081,30,2,290.16,4,3,2,"432","Loyal Customers"
17082,38,2,2003.85,3,3,5,"335","Loyal Customers"
17083,114,3,1405.78,2,3,4,"234","Others"
17084,40,2,2949.75,3,3,5,"335","Loyal Customers"
17085,128,6,1555.05,2,4,4,"244","At Risk"
17086,12,6,2050.08,5,4,5,"545","Champions"
17088,33,4,1991.01,4,4,4,"444","Champions"
17090,9,8,2041.85,5,5,5,"555","Champions"
17091,7,10,3802.81,5,5,5,"555","Champions"
17092,55,4,1777.78,3,4,4,"344","Loyal Customers"
17094,323,2,270.2,1,3,2,"132","Others"
17095,27,6,1088.2,4,4,4,"444","Champions"
17096,14,7,992.68,5,5,4,"554","Champions"
17097,7,9,937.92,5,5,4,"554","Champions"
17100,23,2,971.74,4,3,4,"434","Loyal Customers"
17101,15,4,1621.73,5,4,4,"544","Champions"
17102,266,1,25.5,1,2,1,"121","Lost"
17105,164,2,665.78,2,3,3,"233","Others"
17107,37,7,10380.43,3,5,5,"355","Loyal Customers"
17109,34,8,869.68,4,5,3,"453","Loyal Customers"
17110,170,1,163.3,2,2,1,"221","Lost"
17111,52,1,248.61,3,2,2,"322","Others"
17114,10,10,747.22,5,5,3,"553","Loyal Customers"
17115,13,5,806.9,5,4,3,"543","Loyal Customers"
17117,293,1,116.2,1,2,1,"121","Lost"
17118,322,1,157.02,1,2,1,"121","Lost"
17119,8,3,593.61,5,3,3,"533","Loyal Customers"
17120,238,1,307.46,1,2,2,"122","Lost"
17122,124,1,138.32,2,2,1,"221","Lost"
17123,166,1,345.3,2,2,2,"222","Lost"
17124,190,1,298.89,1,2,2,"122","Lost"
17125,55,1,259.35,3,2,2,"322","Others"
17126,157,7,991.85,2,5,4,"254","At Risk"
17128,339,1,157.09,1,2,1,"121","Lost"
17131,10,5,2463.17,5,4,5,"545","Champions"
17133,20,7,4892.24,4,5,5,"455","Champions"
17134,111,2,425,2,3,2,"232","Others"
17135,21,7,1139.73,4,5,4,"454","Champions"
17138,280,1,380.5,1,2,2,"122","Lost"
17139,20,15,10585.57,4,5,5,"455","Champions"
17140,252,1,465.32,1,2,2,"122","Lost"
17142,244,1,579,1,2,3,"123","Lost"
17144,6,2,984.57,5,3,4,"534","Loyal Customers"
17146,110,3,749.78,2,3,3,"233","Others"
17147,27,6,1679.64,4,4,4,"444","Champions"
17148,56,1,124.88,3,2,1,"321","Others"
17152,199,4,1503.5,1,4,4,"144","At Risk"
17153,29,1,213.78,4,2,1,"421","New Customers"
17154,80,1,329.34,2,2,2,"222","Lost"
17155,22,2,251.7,4,3,2,"432","Loyal Customers"
17157,12,3,306.55,5,3,2,"532","Loyal Customers"
17158,37,3,1266.97,3,3,4,"334","Loyal Customers"
17159,26,4,1534.73,4,4,4,"444","Champions"
17160,36,6,3518.03,4,4,5,"445","Champions"
17162,33,11,1707.21,4,5,4,"454","Champions"
17163,26,2,293.1,4,3,2,"432","Loyal Customers"
17164,37,8,2466.4,3,5,5,"355","Loyal Customers"
17165,289,1,158.68,1,2,1,"121","Lost"
17166,43,3,189.49,3,3,1,"331","Loyal Customers"
17169,55,4,816.88,3,4,3,"343","Loyal Customers"
17171,294,1,224.91,1,2,1,"121","Lost"
17172,79,2,313.26,2,3,2,"232","Others"
17173,10,9,3755.65,5,5,5,"555","Champions"
17174,222,1,59.9,1,2,1,"121","Lost"
17175,49,5,1430.94,3,4,4,"344","Loyal Customers"
17176,206,1,306.13,1,2,2,"122","Lost"
17179,183,3,711.79,2,3,3,"233","Others"
17180,61,6,780.38,3,4,3,"343","Loyal Customers"
17181,62,2,239.92,3,3,2,"332","Loyal Customers"
17183,12,8,3286.91,5,5,5,"555","Champions"
17186,51,2,144,3,3,1,"331","Loyal Customers"
17187,231,1,203.95,1,2,1,"121","Lost"
17188,16,9,2275.58,5,5,5,"555","Champions"
17189,111,2,384.4,2,3,2,"232","Others"
17190,63,3,249.74,3,3,2,"332","Loyal Customers"
17191,33,7,2095.13,4,5,5,"455","Champions"
17193,40,9,1674.46,3,5,4,"354","Loyal Customers"
17194,278,2,262.62,1,3,2,"132","Others"
17197,34,1,1013.01,4,2,4,"424","New Customers"
17198,28,3,692.22,4,3,3,"433","Loyal Customers"
17201,58,1,342.63,3,2,2,"322","Others"
17203,40,6,3563.85,3,4,5,"345","Loyal Customers"
17204,174,9,1352.91,2,5,4,"254","At Risk"
17205,58,1,384.08,3,2,2,"322","Others"
17206,58,1,204.24,3,2,1,"321","Others"
17211,31,9,2299.67,4,5,5,"455","Champions"
17212,258,1,226.85,1,2,1,"121","Lost"
17213,45,11,2741.08,3,5,5,"355","Loyal Customers"
17214,65,7,984.12,3,5,4,"354","Loyal Customers"
17217,239,1,113.5,1,2,1,"121","Lost"
17218,9,10,1960.72,5,5,4,"554","Champions"
17219,36,1,114.23,4,2,1,"421","New Customers"
17220,29,14,3198.25,4,5,5,"455","Champions"
17221,12,2,335.13,5,3,2,"532","Loyal Customers"
17222,70,1,354.15,3,2,2,"322","Others"
17223,315,2,426.79,1,3,2,"132","Others"
17226,313,1,393.49,1,2,2,"122","Lost"
17227,23,6,939.32,4,4,4,"444","Champions"
17228,20,8,1906.09,4,5,4,"454","Champions"
17229,101,2,318.76,2,3,2,"232","Others"
17230,269,11,3466.67,1,5,5,"155","At Risk"
17231,17,14,3127.82,4,5,5,"455","Champions"
17232,7,2,421.52,5,3,2,"532","Loyal Customers"
17233,40,1,190.88,3,2,1,"321","Others"
17234,187,1,149.89,1,2,1,"121","Lost"
17235,30,2,550.06,4,3,3,"433","Loyal Customers"
17236,17,6,916.13,4,4,4,"444","Champions"
17237,16,2,314.69,5,3,2,"532","Loyal Customers"
17238,7,17,3744.65,5,5,5,"555","Champions"
17239,317,2,379.95,1,3,2,"132","Others"
17242,113,2,1135.04,2,3,4,"234","Others"
17243,6,30,8628.55,5,5,5,"555","Champions"
17244,58,1,954.9,3,2,4,"324","Others"
17245,209,1,171.45,1,2,1,"121","Lost"
17247,20,1,282.19,4,2,2,"422","New Customers"
17248,125,1,318.65,2,2,2,"222","Lost"
17250,8,2,384.52,5,3,2,"532","Loyal Customers"
17251,367,1,283.28,1,2,2,"122","Lost"
17252,121,2,353.86,2,3,2,"232","Others"
17253,23,1,178.26,4,2,1,"421","New Customers"
17254,9,2,272.44,5,3,2,"532","Loyal Customers"
17255,45,2,298.41,3,3,2,"332","Loyal Customers"
17256,112,2,240,2,3,2,"232","Others"
17259,153,2,603.37,2,3,3,"233","Others"
17262,57,5,1253.36,3,4,4,"344","Loyal Customers"
17263,213,1,63.44,1,2,1,"121","Lost"
17265,143,2,562.9,2,3,3,"233","Others"
17266,7,3,310.64,5,3,2,"532","Loyal Customers"
17267,132,2,317.62,2,3,2,"232","Others"
17268,112,4,763.64,2,4,3,"243","At Risk"
17272,47,5,2144.53,3,4,5,"345","Loyal Customers"
17274,40,1,111.98,3,2,1,"321","Others"
17277,232,2,1065.35,1,3,4,"134","Others"
17278,246,1,246.04,1,2,2,"122","Lost"
17279,62,1,187.83,3,2,1,"321","Others"
17282,135,3,1703.41,2,3,4,"234","Others"
17284,65,7,1641.68,3,5,4,"354","Loyal Customers"
17286,26,1,153.92,4,2,1,"421","New Customers"
17287,31,7,1064.11,4,5,4,"454","Champions"
17288,14,7,1419.73,5,5,4,"554","Champions"
17289,36,4,936.16,4,4,4,"444","Champions"
17290,8,2,525.24,5,3,3,"533","Loyal Customers"
17291,313,1,550.8,1,2,3,"123","Lost"
17293,13,9,1875.11,5,5,4,"554","Champions"
17295,33,3,556.95,4,3,3,"433","Loyal Customers"
17297,22,1,131.78,4,2,1,"421","New Customers"
17298,106,2,498.42,2,3,3,"233","Others"
17299,16,4,669.11,5,4,3,"543","Loyal Customers"
17301,26,1,197.63,4,2,1,"421","New Customers"
17302,19,6,1119.93,4,4,4,"444","Champions"
17303,366,1,250.04,1,2,2,"122","Lost"
17306,15,21,8600.73,5,5,5,"555","Champions"
17307,370,1,-152.64,1,2,1,"121","Lost"
17309,100,1,82.75,2,2,1,"221","Lost"
17311,83,2,1384.85,2,3,4,"234","Others"
17312,143,3,644.3,2,3,3,"233","Others"
17313,22,2,2288.13,4,3,5,"435","Loyal Customers"
17314,29,11,2514.76,4,5,5,"455","Champions"
17315,5,43,6204.46,5,5,5,"555","Champions"
17317,51,5,2524.02,3,4,5,"345","Loyal Customers"
17320,105,3,1200.62,2,3,4,"234","Others"
17321,13,2,700.86,5,3,3,"533","Loyal Customers"
17323,20,9,908.99,4,5,3,"453","Loyal Customers"
17324,22,4,990.23,4,4,4,"444","Champions"
17325,285,1,96.8,1,2,1,"121","Lost"
17329,19,2,523.11,4,3,3,"433","Loyal Customers"
17330,27,2,363.9,4,3,2,"432","Loyal Customers"
17331,128,1,175.2,2,2,1,"221","Lost"
17333,90,1,494.25,2,2,3,"223","Lost"
17334,306,3,306.6,1,3,2,"132","Others"
17337,156,7,1944.32,2,5,4,"254","At Risk"
17338,22,10,6612.18,4,5,5,"455","Champions"
17339,99,2,243.36,2,3,2,"232","Others"
17340,14,16,11891.18,5,5,5,"555","Champions"
17341,161,3,781.36,2,3,3,"233","Others"
17343,360,1,193.64,1,2,1,"121","Lost"
17344,51,1,160.57,3,2,1,"321","Others"
17345,20,4,537.74,4,4,3,"443","Loyal Customers"
17346,8,16,2611.58,5,5,5,"555","Champions"
17347,91,1,228.96,2,2,1,"221","Lost"
17348,19,5,1159.52,4,4,4,"444","Champions"
17349,184,1,110.75,1,2,1,"121","Lost"
17350,13,5,1256.19,5,4,4,"544","Champions"
17351,41,3,587.15,3,3,3,"333","Loyal Customers"
17353,134,2,1740,2,3,4,"234","Others"
17354,55,1,1393.06,3,2,4,"324","Others"
17356,316,1,178.22,1,2,1,"121","Lost"
17357,29,2,388.14,4,3,2,"432","Loyal Customers"
17358,308,2,365.85,1,3,2,"132","Others"
17359,16,1,127.86,5,2,1,"521","New Customers"
17360,22,3,585.79,4,3,3,"433","Loyal Customers"
17361,54,3,488.2,3,3,3,"333","Loyal Customers"
17362,244,2,312.23,1,3,2,"132","Others"
17364,5,12,4455.73,5,5,5,"555","Champions"
17365,17,8,4801.56,4,5,5,"455","Champions"
17367,243,1,168.4,1,2,1,"121","Lost"
17368,28,9,1349.52,4,5,4,"454","Champions"
17370,77,4,446.18,2,4,2,"242","At Risk"
17371,22,3,423.89,4,3,2,"432","Loyal Customers"
17372,45,8,1342.68,3,5,4,"354","Loyal Customers"
17373,45,4,646.92,3,4,3,"343","Loyal Customers"
17374,223,2,495.77,1,3,3,"133","Others"
17375,195,4,372.5,1,4,2,"142","At Risk"
17376,75,2,203.2,3,3,1,"331","Loyal Customers"
17377,28,21,3925.92,4,5,5,"455","Champions"
17379,16,1,404.66,5,2,2,"522","New Customers"
17381,13,30,20272.43,5,5,5,"555","Champions"
17382,70,1,65.4,3,2,1,"321","Others"
17383,9,1,199.29,5,2,1,"521","New Customers"
17384,24,2,336.4,4,3,2,"432","Loyal Customers"
17385,19,1,261.11,4,2,2,"422","New Customers"
17386,12,6,2686.42,5,4,5,"545","Champions"
17387,24,2,784.11,4,3,3,"433","Loyal Customers"
17388,82,4,1259.56,2,4,4,"244","At Risk"
17389,5,43,31300.08,5,5,5,"555","Champions"
17391,168,2,508.8,2,3,3,"233","Others"
17392,311,2,457.91,1,3,2,"132","Others"
17394,224,1,203.87,1,2,1,"121","Lost"
17396,44,8,7330.8,3,5,5,"355","Loyal Customers"
17397,27,2,696.41,4,3,3,"433","Loyal Customers"
17398,119,3,653.38,2,3,3,"233","Others"
17400,131,5,2129.96,2,4,5,"245","At Risk"
17402,9,13,2633.85,5,5,5,"555","Champions"
17403,41,1,281.62,3,2,2,"322","Others"
17404,9,18,30300.82,5,5,5,"555","Champions"
17405,6,5,967.22,5,4,4,"544","Champions"
17406,335,5,1928.72,1,4,4,"144","At Risk"
17408,168,1,32.65,2,2,1,"221","Lost"
17409,189,2,771.85,1,3,3,"133","Others"
17410,21,5,1214.72,4,4,4,"444","Champions"
17411,17,4,748.94,4,4,3,"443","Loyal Customers"
17412,7,7,1258.06,5,5,4,"554","Champions"
17414,48,2,778,3,3,3,"333","Loyal Customers"
17415,84,1,507.84,2,2,3,"223","Lost"
17416,34,9,6838.34,4,5,5,"455","Champions"
17418,47,2,463.46,3,3,2,"332","Loyal Customers"
17419,16,14,4200.97,5,5,5,"555","Champions"
17420,55,3,598.83,3,3,3,"333","Loyal Customers"
17422,21,10,1853.13,4,5,4,"454","Champions"
17423,50,4,663.63,3,4,3,"343","Loyal Customers"
17425,24,2,759.17,4,3,3,"433","Loyal Customers"
17426,9,7,5022.26,5,5,5,"555","Champions"
17427,76,1,100.8,2,2,1,"221","Lost"
17428,5,33,17078.45,5,5,5,"555","Champions"
17429,125,4,512.12,2,4,3,"243","At Risk"
17430,37,2,265.76,3,3,2,"332","Loyal Customers"
17431,318,1,403.3,1,2,2,"122","Lost"
17432,23,2,365.76,4,3,2,"432","Loyal Customers"
17433,93,1,303.16,2,2,2,"222","Lost"
17434,7,9,2333.42,5,5,5,"555","Champions"
17436,6,2,216.3,5,3,1,"531","Loyal Customers"
17438,252,2,378.3,1,3,2,"132","Others"
17440,152,5,177.1,2,4,1,"241","At Risk"
17442,34,10,2210.26,4,5,5,"455","Champions"
17443,224,1,534.24,1,2,3,"123","Lost"
17444,152,3,2940.04,2,3,5,"235","Others"
17446,181,2,120.9,2,3,1,"231","Others"
17447,45,2,541.53,3,3,3,"333","Loyal Customers"
17448,149,1,-4287.63,2,2,1,"221","Lost"
17449,7,8,2504.86,5,5,5,"555","Champions"
17450,13,55,187482.17,5,5,5,"555","Champions"
17451,6,10,1648.95,5,5,4,"554","Champions"
17453,22,2,486.72,4,3,3,"433","Loyal Customers"
17454,197,4,517.53,1,4,3,"143","At Risk"
17455,208,1,131.7,1,2,1,"121","Lost"
17456,370,1,249.86,1,2,2,"122","Lost"
17457,131,5,1737.7,2,4,4,"244","At Risk"
17458,20,1,316.5,4,2,2,"422","New Customers"
17459,48,2,657.3,3,3,3,"333","Loyal Customers"
17460,83,8,452.63,2,5,2,"252","At Risk"
17461,27,3,757.46,4,3,3,"433","Loyal Customers"
17462,56,3,662.94,3,3,3,"333","Loyal Customers"
17463,21,6,1881.36,4,4,4,"444","Champions"
17464,163,1,289.96,2,2,2,"222","Lost"
17466,15,2,763.28,5,3,3,"533","Loyal Customers"
17468,15,2,137,5,3,1,"531","Loyal Customers"
17469,21,6,1843.06,4,4,4,"444","Champions"
17470,49,5,1125.07,3,4,4,"344","Loyal Customers"
17472,196,3,710.29,1,3,3,"133","Others"
17475,84,1,194.37,2,2,1,"221","Lost"
17480,78,2,506.51,2,3,3,"233","Others"
17481,8,5,1249.34,5,4,4,"544","Champions"
17483,70,3,414.04,3,3,2,"332","Loyal Customers"
17486,266,1,396.87,1,2,2,"122","Lost"
17489,63,2,376.64,3,3,2,"332","Loyal Customers"
17490,5,11,1926.88,5,5,4,"554","Champions"
17491,6,11,3541.92,5,5,5,"555","Champions"
17492,253,1,374.57,1,2,2,"122","Lost"
17495,12,2,497.56,5,3,3,"533","Loyal Customers"
17496,363,1,271.05,1,2,2,"122","Lost"
17498,80,1,272.22,2,2,2,"222","Lost"
17499,294,1,622.88,1,2,3,"123","Lost"
17500,22,3,1138,4,3,4,"434","Loyal Customers"
17501,225,2,288.6,1,3,2,"132","Others"
17502,14,4,689.1,5,4,3,"543","Loyal Customers"
17503,7,2,558.96,5,3,3,"533","Loyal Customers"
17504,211,10,2745.28,1,5,5,"155","At Risk"
17505,166,2,1145.84,2,3,4,"234","Others"
17506,75,2,294.29,3,3,2,"332","Loyal Customers"
17507,266,2,605.58,1,3,3,"133","Others"
17508,285,1,387.31,1,2,2,"122","Lost"
17509,62,11,6100.74,3,5,5,"355","Loyal Customers"
17510,29,1,308.48,4,2,2,"422","New Customers"
17511,7,46,88125.38,5,5,5,"555","Champions"
17512,33,11,2920.04,4,5,5,"455","Champions"
17513,77,1,513.2,2,2,3,"223","Lost"
17514,133,1,208.65,2,2,1,"221","Lost"
17515,36,4,639.02,4,4,3,"443","Loyal Customers"
17516,20,5,768.08,4,4,3,"443","Loyal Customers"
17517,313,1,153.94,1,2,1,"121","Lost"
17519,22,7,1839.07,4,5,4,"454","Champions"
17520,58,1,546.81,3,2,3,"323","Others"
17521,29,4,721.96,4,4,3,"443","Loyal Customers"
17522,6,5,1070.71,5,4,4,"544","Champions"
17523,16,4,652.74,5,4,3,"543","Loyal Customers"
17524,366,1,145,1,2,1,"121","Lost"
17525,364,1,422.7,1,2,2,"122","Lost"
17526,6,8,706.7,5,5,3,"553","Loyal Customers"
17527,58,6,888.86,3,4,3,"343","Loyal Customers"
17528,6,11,3540.1,5,5,5,"555","Champions"
17530,6,10,2385,5,5,5,"555","Champions"
17531,125,2,293.45,2,3,2,"232","Others"
17534,58,1,223.36,3,2,1,"321","Others"
17535,285,1,164.4,1,2,1,"121","Lost"
17536,182,1,76.5,2,2,1,"221","Lost"
17537,34,2,897.62,4,3,3,"433","Loyal Customers"
17538,30,1,98.42,4,2,1,"421","New Customers"
17540,13,3,570.4,5,3,3,"533","Loyal Customers"
17542,274,1,170.75,1,2,1,"121","Lost"
17545,48,3,645.96,3,3,3,"333","Loyal Customers"
17547,377,1,-11.8,1,2,1,"121","Lost"
17548,222,3,-141.48,1,3,1,"131","Others"
17549,28,2,148.86,4,3,1,"431","Loyal Customers"
17550,202,3,267.16,1,3,2,"132","Others"
17551,364,1,306.84,1,2,2,"122","Lost"
17552,47,6,909.96,3,4,4,"344","Loyal Customers"
17553,134,1,1487.6,2,2,4,"224","Lost"
17554,6,5,1952.45,5,4,4,"544","Champions"
17555,24,2,483.26,4,3,3,"433","Loyal Customers"
17556,210,1,157.9,1,2,1,"121","Lost"
17557,19,3,541.46,4,3,3,"433","Loyal Customers"
17560,99,5,854.95,2,4,3,"243","At Risk"
17561,24,1,167.62,4,2,1,"421","New Customers"
17562,19,8,1107.38,4,5,4,"454","Champions"
17564,29,3,454.01,4,3,2,"432","Loyal Customers"
17566,13,2,901.21,5,3,3,"533","Loyal Customers"
17567,12,10,4012.56,5,5,5,"555","Champions"
17569,337,1,344.14,1,2,2,"122","Lost"
17571,55,4,1498.51,3,4,4,"344","Loyal Customers"
17572,76,4,226.75,2,4,1,"241","At Risk"
17573,34,4,362.9,4,4,2,"442","Loyal Customers"
17574,247,1,185.65,1,2,1,"121","Lost"
17576,13,22,3457.78,5,5,5,"555","Champions"
17578,195,2,124.74,1,3,1,"131","Others"
17579,9,4,440.2,5,4,2,"542","Loyal Customers"
17580,257,3,215.72,1,3,1,"131","Others"
17581,5,31,10736.11,5,5,5,"555","Champions"
17582,241,1,175.27,1,2,1,"121","Lost"
17584,12,3,1227.3,5,3,4,"534","Loyal Customers"
17585,114,4,1133.07,2,4,4,"244","At Risk"
17588,105,3,1240.2,2,3,4,"234","Others"
17589,65,4,2404.17,3,4,5,"345","Loyal Customers"
17590,7,3,1479.22,5,3,4,"534","Loyal Customers"
17591,78,8,2215.02,2,5,5,"255","At Risk"
17593,8,6,3911.56,5,4,5,"545","Champions"
17594,90,2,993.18,2,3,4,"234","Others"
17595,17,2,388.79,4,3,2,"432","Loyal Customers"
17596,28,7,2827.93,4,5,5,"455","Champions"
17597,218,1,2044.37,1,2,5,"125","Lost"
17600,22,1,161.67,4,2,1,"421","New Customers"
17601,244,1,116.01,1,2,1,"121","Lost"
17602,7,8,5050.77,5,5,5,"555","Champions"
17603,55,5,-1165.3,3,4,1,"341","Loyal Customers"
17604,222,2,309.36,1,3,2,"132","Others"
17608,38,2,193.42,3,3,1,"331","Loyal Customers"
17609,45,6,1103.92,3,4,4,"344","Loyal Customers"
17611,8,19,3947.87,5,5,5,"555","Champions"
17612,58,10,1992.76,3,5,4,"354","Loyal Customers"
17613,27,17,4509.37,4,5,5,"455","Champions"
17614,62,1,390.07,3,2,2,"322","Others"
17615,135,3,329.6,2,3,2,"232","Others"
17616,178,3,571.2,2,3,3,"233","Others"
17618,10,3,971.58,5,3,4,"534","Loyal Customers"
17619,317,1,218.52,1,2,1,"121","Lost"
17620,64,1,81.44,3,2,1,"321","Others"
17621,26,4,1336.1,4,4,4,"444","Champions"
17623,37,1,527.05,3,2,3,"323","Others"
17624,19,2,843.48,4,3,3,"433","Loyal Customers"
17625,23,4,2047,4,4,5,"445","Champions"
17628,86,1,75.75,2,2,1,"221","Lost"
17629,10,9,1784.12,5,5,4,"554","Champions"
17630,174,2,503.6,2,3,3,"233","Others"
17631,6,3,528.33,5,3,3,"533","Loyal Customers"
17633,36,6,1242.34,4,4,4,"444","Champions"
17634,41,9,2361.97,3,5,5,"355","Loyal Customers"
17636,13,2,265.93,5,3,2,"532","Loyal Customers"
17637,36,2,547.06,4,3,3,"433","Loyal Customers"
17639,281,1,108.5,1,2,1,"121","Lost"
17640,91,1,621.66,2,2,3,"223","Lost"
17642,124,2,712.29,2,3,3,"233","Others"
17643,378,1,101.55,1,2,1,"121","Lost"
17644,6,17,2768.98,5,5,5,"555","Champions"
17646,224,4,995.66,1,4,4,"144","At Risk"
17647,70,1,133.06,3,2,1,"321","Others"
17648,65,5,1789.55,3,4,4,"344","Loyal Customers"
17649,139,2,861.74,2,3,3,"233","Others"
17650,26,1,166.08,4,2,1,"421","New Customers"
17651,16,14,3886.67,5,5,5,"555","Champions"
17652,30,18,4737.13,4,5,5,"455","Champions"
17653,34,5,1175.88,4,4,4,"444","Champions"
17654,282,1,117.55,1,2,1,"121","Lost"
17655,15,8,2571.74,5,5,5,"555","Champions"
17656,78,5,1674.69,2,4,4,"244","At Risk"
17658,15,3,485.88,5,3,3,"533","Loyal Customers"
17659,8,14,2954.75,5,5,5,"555","Champions"
17660,146,1,196,2,2,1,"221","Lost"
17663,30,9,1788.27,4,5,4,"454","Champions"
17664,23,2,604.64,4,3,3,"433","Loyal Customers"
17666,8,2,728.16,5,3,3,"533","Loyal Customers"
17667,71,5,2055.51,3,4,5,"345","Loyal Customers"
17668,6,2,347.75,5,3,2,"532","Loyal Customers"
17669,47,7,3406.72,3,5,5,"355","Loyal Customers"
17670,232,1,205.7,1,2,1,"121","Lost"
17671,20,6,1284.08,4,4,4,"444","Champions"
17672,48,4,3106.62,3,4,5,"345","Loyal Customers"
17673,6,7,1622.22,5,5,4,"554","Champions"
17674,79,2,551.04,2,3,3,"233","Others"
17675,6,41,20098.1,5,5,5,"555","Champions"
17676,9,7,1383.27,5,5,4,"554","Champions"
17677,6,43,16219.22,5,5,5,"555","Champions"
17678,268,1,298.11,1,2,2,"122","Lost"
17679,57,2,1992.11,3,3,4,"334","Loyal Customers"
17680,28,1,184.4,4,2,1,"421","New Customers"
17682,15,7,2459.33,5,5,5,"555","Champions"
17684,48,1,239.41,3,2,2,"322","Others"
17685,21,7,3191.53,4,5,5,"455","Champions"
17686,12,7,5739.46,5,5,5,"555","Champions"
17690,35,16,4748.45,4,5,5,"455","Champions"
17691,363,2,290.4,1,3,2,"132","Others"
17692,132,5,733.44,2,4,3,"243","At Risk"
17693,141,3,187.02,2,3,1,"231","Others"
17694,146,1,283.12,2,2,2,"222","Lost"
17695,136,2,765.34,2,3,3,"233","Others"
17696,43,14,2201.05,3,5,5,"355","Loyal Customers"
17697,241,1,338.95,1,2,2,"122","Lost"
17698,265,1,154.95,1,2,1,"121","Lost"
17700,21,6,2508.89,4,4,5,"445","Champions"
17701,257,1,417.95,1,2,2,"122","Lost"
17702,35,6,1719.72,4,4,4,"444","Champions"
17703,40,3,798.74,3,3,3,"333","Loyal Customers"
17704,173,2,885.19,2,3,3,"233","Others"
17705,8,10,1781.12,5,5,4,"554","Champions"
17706,9,22,10097.37,5,5,5,"555","Champions"
17707,190,2,152.4,1,3,1,"131","Others"
17708,192,2,267.08,1,3,2,"132","Others"
17709,174,1,137.45,2,2,1,"221","Lost"
17711,15,2,385.1,5,3,2,"532","Loyal Customers"
17712,49,1,522.91,3,2,3,"323","Others"
17714,325,1,153,1,2,1,"121","Lost"
17715,205,1,326.4,1,2,2,"122","Lost"
17716,27,12,5505.79,4,5,5,"455","Champions"
17718,237,1,139.35,1,2,1,"121","Lost"
17719,42,18,5367.8,3,5,5,"355","Loyal Customers"
17720,31,4,1195.94,4,4,4,"444","Champions"
17722,101,6,2380.64,2,4,5,"245","At Risk"
17723,132,6,3276.4,2,4,5,"245","At Risk"
17724,62,4,995.65,3,4,4,"344","Loyal Customers"
17725,21,14,3371.13,4,5,5,"455","Champions"
17727,14,2,1042.55,5,3,4,"534","Loyal Customers"
17728,8,5,2515.68,5,4,5,"545","Champions"
17730,8,15,5288.83,5,5,5,"555","Champions"
17731,84,5,878.2,2,4,3,"243","At Risk"
17732,377,1,303.97,1,2,2,"122","Lost"
17733,43,2,692.19,3,3,3,"333","Loyal Customers"
17734,58,3,700.63,3,3,3,"333","Loyal Customers"
17735,7,19,13110.02,5,5,5,"555","Champions"
17736,14,4,337.49,5,4,2,"542","Loyal Customers"
17737,14,2,168.24,5,3,1,"531","Loyal Customers"
17738,24,5,1863.35,4,4,4,"444","Champions"
17739,16,8,2786.05,5,5,5,"555","Champions"
17742,118,2,355.11,2,3,2,"232","Others"
17744,8,7,2291.08,5,5,5,"555","Champions"
17746,239,2,98.8,1,3,1,"131","Others"
17747,105,2,64.65,2,3,1,"231","Others"
17749,183,2,674.52,2,3,3,"233","Others"
17750,10,9,1797.57,5,5,4,"554","Champions"
17752,364,1,80.64,1,2,1,"121","Lost"
17754,5,6,1739.92,5,4,4,"544","Champions"
17757,6,31,5585.49,5,5,5,"555","Champions"
17758,24,8,3456.7,4,5,5,"455","Champions"
17759,22,3,834.99,4,3,3,"433","Loyal Customers"
17760,26,2,287.59,4,3,2,"432","Loyal Customers"
17761,37,1,712.78,3,2,3,"323","Others"
17763,268,1,15,1,2,1,"121","Lost"
17764,55,2,818.82,3,3,3,"333","Loyal Customers"
17765,163,3,371.88,2,3,2,"232","Others"
17767,20,1,271.2,4,2,2,"422","New Customers"
17768,13,3,2273.18,5,3,5,"535","Loyal Customers"
17769,17,12,3960.63,4,5,5,"455","Champions"
17770,203,5,1143.27,1,4,4,"144","At Risk"
17771,61,2,245.81,3,3,2,"332","Loyal Customers"
17772,15,2,182.77,5,3,1,"531","Loyal Customers"
17774,101,5,1215.46,2,4,4,"244","At Risk"
17775,259,1,56.4,1,2,1,"121","Lost"
17777,29,3,665.86,4,3,3,"433","Loyal Customers"
17779,26,5,642.17,4,4,3,"443","Loyal Customers"
17781,164,2,188.02,2,3,1,"231","Others"
17783,77,2,283.47,2,3,2,"232","Others"
17785,58,1,131.94,3,2,1,"321","Others"
17786,90,2,278.74,2,3,2,"232","Others"
17787,157,4,1865.19,2,4,4,"244","At Risk"
17788,78,2,1117.9,2,3,4,"234","Others"
17789,286,1,225.9,1,2,1,"121","Lost"
17790,31,14,1965.55,4,5,4,"454","Champions"
17791,34,1,106.1,4,2,1,"421","New Customers"
17793,30,1,323.04,4,2,2,"422","New Customers"
17795,184,2,350.39,1,3,2,"132","Others"
17796,45,4,697.9,3,4,3,"343","Loyal Customers"
17797,27,3,780.43,4,3,3,"433","Loyal Customers"
17799,27,11,3026.08,4,5,5,"455","Champions"
17800,42,9,1199.01,3,5,4,"354","Loyal Customers"
17802,87,4,1251.84,2,4,4,"244","At Risk"
17805,78,1,512.31,2,2,3,"223","Lost"
17806,16,1,546.04,5,2,3,"523","New Customers"
17809,21,15,4627.62,4,5,5,"455","Champions"
17811,9,51,7677.71,5,5,5,"555","Champions"
17812,17,4,732.16,4,4,3,"443","Loyal Customers"
17813,19,7,1714.6,4,5,4,"454","Champions"
17816,41,4,36.56,3,4,1,"341","Loyal Customers"
17817,9,3,387.68,5,3,2,"532","Loyal Customers"
17819,76,8,3661.07,2,5,5,"255","At Risk"
17820,196,2,-24.05,1,3,1,"131","Others"
17824,56,1,298.4,3,2,2,"322","Others"
17827,10,5,1995.46,5,4,4,"544","Champions"
17828,13,9,1599.97,5,5,4,"554","Champions"
17829,303,1,889.24,1,2,3,"123","Lost"
17830,6,3,398.7,5,3,2,"532","Loyal Customers"
17831,38,1,35.4,3,2,1,"321","Others"
17832,54,1,155.37,3,2,1,"321","Others"
17835,7,3,350.64,5,3,2,"532","Loyal Customers"
17836,52,1,110.21,3,2,1,"321","Others"
17837,47,10,1560.53,3,5,4,"354","Loyal Customers"
17838,31,6,2312.7,4,4,5,"445","Champions"
17839,47,1,338.8,3,2,2,"322","Others"
17841,6,169,40340.78,5,5,5,"555","Champions"
17843,308,1,205.48,1,2,1,"121","Lost"
17844,111,1,51.56,2,2,1,"221","Lost"
17846,90,1,2033.1,2,2,5,"225","Lost"
17848,86,9,901.2,2,5,3,"253","At Risk"
17849,223,4,605.8,1,4,3,"143","At Risk"
17850,307,35,5288.63,1,5,5,"155","At Risk"
17852,16,2,114.34,5,3,1,"531","Loyal Customers"
17854,190,2,311.26,1,3,2,"132","Others"
17855,377,1,208.97,1,2,1,"121","Lost"
17856,6,6,1393.79,5,4,4,"544","Champions"
17857,8,25,26763.34,5,5,5,"555","Champions"
17858,10,12,5155.66,5,5,5,"555","Champions"
17859,309,1,148.21,1,2,1,"121","Lost"
17860,373,1,252.8,1,2,2,"122","Lost"
17861,8,9,2059.2,5,5,5,"555","Champions"
17862,328,1,330.9,1,2,2,"122","Lost"
17863,64,6,3160,3,4,5,"345","Loyal Customers"
17864,17,3,597.5,4,3,3,"433","Loyal Customers"
17865,35,27,10158.54,4,5,5,"455","Champions"
17866,147,2,325.7,2,3,2,"232","Others"
17867,35,8,622.75,4,5,3,"453","Loyal Customers"
17869,112,5,428.18,2,4,2,"242","At Risk"
17870,7,13,1889.4,5,5,4,"554","Champions"
17871,209,1,155.9,1,2,1,"121","Lost"
17873,85,6,1764.36,2,4,4,"244","At Risk"
17874,190,7,658.26,1,5,3,"153","At Risk"
17877,175,1,237.61,2,2,2,"222","Lost"
17878,48,1,379.45,3,2,2,"322","Others"
17879,178,1,178.52,2,2,1,"221","Lost"
17880,369,1,458.92,1,2,2,"122","Lost"
17881,309,1,133.35,1,2,1,"121","Lost"
17883,8,4,671.77,5,4,3,"543","Loyal Customers"
17884,8,4,717.45,5,4,3,"543","Loyal Customers"
17885,17,1,190.19,4,2,1,"421","New Customers"
17886,36,3,899.61,4,3,3,"433","Loyal Customers"
17887,134,1,111.35,2,2,1,"221","Lost"
17888,23,10,525.78,4,5,3,"453","Loyal Customers"
17889,217,2,203.87,1,3,1,"131","Others"
17890,327,2,602.09,1,3,3,"133","Others"
17891,167,1,203.86,2,2,1,"221","Lost"
17892,61,3,244.1,3,3,2,"332","Loyal Customers"
17893,230,1,112.25,1,2,1,"121","Lost"
17894,76,8,1119.81,2,5,4,"254","At Risk"
17895,49,1,98,3,2,1,"321","Others"
17896,28,1,256.32,4,2,2,"422","New Customers"
17897,177,4,541.1,2,4,3,"243","At Risk"
17898,90,2,152.06,2,3,1,"231","Others"
17899,164,1,155.8,2,2,1,"221","Lost"
17900,169,4,15,2,4,1,"241","At Risk"
17901,34,1,110.38,4,2,1,"421","New Customers"
17904,26,2,178.92,4,3,1,"431","Loyal Customers"
17905,76,4,800.24,2,4,3,"243","At Risk"
17906,252,1,72.9,1,2,1,"121","Lost"
17908,378,1,243.28,1,2,2,"122","Lost"
17911,14,1,366.23,5,2,2,"522","New Customers"
17912,315,6,295.61,1,4,2,"142","At Risk"
17913,63,2,411.6,3,3,2,"332","Loyal Customers"
17914,8,1,336.43,5,2,2,"522","New Customers"
17917,50,3,341.28,3,3,2,"332","Loyal Customers"
17919,93,1,1304.04,2,2,4,"224","Lost"
17920,9,17,4204.1,5,5,5,"555","Champions"
17921,69,4,826.52,3,4,3,"343","Loyal Customers"
17923,287,1,207.5,1,2,1,"121","Lost"
17924,6,13,2894.33,5,5,5,"555","Champions"
17925,377,1,244.08,1,2,2,"122","Lost"
17926,138,2,397.29,2,3,2,"232","Others"
17928,50,2,212.54,3,3,1,"331","Loyal Customers"
17929,16,5,834.5,5,4,3,"543","Loyal Customers"
17930,40,5,1740.48,3,4,4,"344","Loyal Customers"
17931,139,2,408.36,2,3,2,"232","Others"
17932,34,3,1331.57,4,3,4,"434","Loyal Customers"
17934,56,2,704.25,3,3,3,"333","Loyal Customers"
17935,143,2,145.79,2,3,1,"231","Others"
17936,10,1,389.84,5,2,2,"522","New Customers"
17937,13,7,4301.22,5,5,5,"555","Champions"
17939,164,1,99.14,2,2,1,"221","Lost"
17940,54,14,1983.58,3,5,4,"354","Loyal Customers"
17941,135,1,304.56,2,2,2,"222","Lost"
17942,12,1,77.5,5,2,1,"521","New Customers"
17946,238,2,149.58,1,3,1,"131","Others"
17947,42,1,176.68,3,2,1,"321","Others"
17948,152,1,358.56,2,2,2,"222","Lost"
17949,6,52,52750.84,5,5,5,"555","Champions"
17950,77,4,472.12,2,4,3,"243","At Risk"
17951,44,4,990.84,3,4,4,"344","Loyal Customers"
17954,10,16,2295.37,5,5,5,"555","Champions"
17955,203,4,557.3,1,4,3,"143","At Risk"
17956,254,1,12.75,1,2,1,"121","Lost"
17957,71,1,111.68,3,2,1,"321","Others"
17958,121,1,508.46,2,2,3,"223","Lost"
17960,176,1,73.78,2,2,1,"221","Lost"
17961,26,39,1296.44,4,5,4,"454","Champions"
17962,147,1,102.83,2,2,1,"221","Lost"
17964,36,2,471.7,4,3,3,"433","Loyal Customers"
17965,42,14,2622.57,3,5,5,"355","Loyal Customers"
17966,42,5,1098.43,3,4,4,"344","Loyal Customers"
17967,376,1,123.07,1,2,1,"121","Lost"
17968,378,1,277.35,1,2,2,"122","Lost"
17969,171,2,228.2,2,3,1,"231","Others"
17970,216,1,582.59,1,2,3,"123","Lost"
17972,246,1,136.04,1,2,1,"121","Lost"
17973,56,1,337.04,3,2,2,"322","Others"
17974,29,3,740.79,4,3,3,"433","Loyal Customers"
17975,20,14,4393.61,4,5,5,"455","Champions"
17976,377,1,353.19,1,2,2,"122","Lost"
17977,34,1,288.14,4,2,2,"422","New Customers"
17978,370,1,300.92,1,2,2,"122","Lost"
17979,40,5,737.81,3,4,3,"343","Loyal Customers"
17980,170,3,811.45,2,3,3,"233","Others"
17984,150,1,152.68,2,2,1,"221","Lost"
17985,27,1,634.95,4,2,3,"423","New Customers"
17986,61,1,20.8,3,2,1,"321","Others"
17987,190,1,198.57,1,2,1,"121","Lost"
17988,16,8,191.17,5,5,1,"551","Loyal Customers"
17990,241,3,630.84,1,3,3,"133","Others"
17991,230,2,93.35,1,3,1,"131","Others"
17994,126,6,629.69,2,4,3,"243","At Risk"
17995,286,1,76.1,1,2,1,"121","Lost"
17997,79,12,1511.3,2,5,4,"254","At Risk"
17999,42,2,382.06,3,3,2,"332","Loyal Customers"
18001,17,2,417.23,4,3,2,"432","Loyal Customers"
18004,367,1,169.47,1,2,1,"121","Lost"
18005,8,2,249.72,5,3,2,"532","Loyal Customers"
18006,28,1,444.68,4,2,2,"422","New Customers"
18008,75,9,2116.19,3,5,5,"355","Loyal Customers"
18009,240,2,252.24,1,3,2,"132","Others"
18010,261,1,174.8,1,2,1,"121","Lost"
18011,378,1,102.79,1,2,1,"121","Lost"
18013,160,2,187.29,2,3,1,"231","Others"
18014,33,1,166.42,4,2,1,"421","New Customers"
18015,9,1,120.03,5,2,1,"521","New Customers"
18016,37,5,1483.56,3,4,4,"344","Loyal Customers"
18017,86,3,523,2,3,3,"233","Others"
18018,113,2,122.14,2,3,1,"231","Others"
18019,56,1,38.45,3,2,1,"321","Others"
18022,40,1,668.11,3,2,3,"323","Others"
18024,157,3,236.78,2,3,2,"232","Others"
18027,103,1,115.31,2,2,1,"221","Lost"
18030,9,3,220.7,5,3,1,"531","Loyal Customers"
18032,339,1,73.5,1,2,1,"121","Lost"
18033,70,1,97.97,3,2,1,"321","Others"
18034,26,2,422.88,4,3,2,"432","Loyal Customers"
18035,40,3,730.4,3,3,3,"333","Loyal Customers"
18036,37,3,405.62,3,3,2,"332","Loyal Customers"
18037,159,6,70.02,2,4,1,"241","At Risk"
18040,24,2,357.2,4,3,2,"432","Loyal Customers"
18041,16,22,4161.14,5,5,5,"555","Champions"
18042,58,1,165.05,3,2,1,"321","Others"
18043,29,3,559.51,4,3,3,"433","Loyal Customers"
18044,9,11,2085.65,5,5,5,"555","Champions"
18045,50,1,189.4,3,2,1,"321","Others"
18048,208,2,172.29,1,3,1,"131","Others"
18050,364,1,74.4,1,2,1,"121","Lost"
18053,71,2,297.07,3,3,2,"332","Loyal Customers"
18055,12,11,6752.14,5,5,5,"555","Champions"
18056,293,1,363.65,1,2,2,"122","Lost"
18058,14,1,170.16,5,2,1,"521","New Customers"
18059,14,4,296.71,5,4,2,"542","Loyal Customers"
18061,26,10,2119.41,4,5,5,"455","Champions"
18062,178,3,720.52,2,3,3,"233","Others"
18064,138,2,814,2,3,3,"233","Others"
18065,10,15,2380.08,5,5,5,"555","Champions"
18066,80,1,318,2,2,2,"222","Lost"
18067,45,1,396.33,3,2,2,"322","Others"
18068,294,1,101.7,1,2,1,"121","Lost"
18069,31,7,2021.82,4,5,5,"455","Champions"
18071,262,2,453,1,3,2,"132","Others"
18072,160,2,0,2,3,1,"231","Others"
18073,119,13,3864.44,2,5,5,"255","At Risk"
18074,378,1,489.6,1,2,3,"123","Lost"
18075,28,14,2538.72,4,5,5,"455","Champions"
18077,13,11,2633.01,5,5,5,"555","Champions"
18078,222,2,336.13,1,3,2,"132","Others"
18079,50,4,3651.97,3,4,5,"345","Loyal Customers"
18080,23,2,1231.5,4,3,4,"434","Loyal Customers"
18081,41,3,343.45,3,3,2,"332","Loyal Customers"
18082,30,1,703.37,4,2,3,"423","New Customers"
18084,21,2,87.53,4,3,1,"431","Loyal Customers"
18085,335,2,689.95,1,3,3,"133","Others"
18086,279,1,101.34,1,2,1,"121","Lost"
18087,103,4,3770.12,2,4,5,"245","At Risk"
18088,66,1,167.67,3,2,1,"321","Others"
18092,7,12,9065.76,5,5,5,"555","Champions"
18093,98,5,2083.42,2,4,5,"245","At Risk"
18094,86,7,3017.3,2,5,5,"255","At Risk"
18095,317,2,580.05,1,3,3,"133","Others"
18096,16,3,911.15,5,3,4,"534","Loyal Customers"
18097,12,7,2692.85,5,5,5,"555","Champions"
18099,132,1,168.31,2,2,1,"221","Lost"
18101,16,2,223.65,5,3,1,"531","Loyal Customers"
18102,5,62,256438.49,5,5,5,"555","Champions"
18104,42,1,754.64,3,2,3,"323","Others"
18105,42,1,113.48,3,2,1,"321","Others"
18106,334,1,430.7,1,2,2,"122","Lost"
18108,253,2,264.65,1,3,2,"132","Others"
18109,6,31,7925.32,5,5,5,"555","Champions"
18110,24,2,206.05,4,3,1,"431","Loyal Customers"
18112,17,2,352.69,4,3,2,"432","Loyal Customers"
18113,373,1,76.32,1,2,1,"121","Lost"
18114,295,1,220.1,1,2,1,"121","Lost"
18116,72,8,1418.03,3,5,4,"354","Loyal Customers"
18117,30,1,320.72,4,2,2,"422","New Customers"
18118,15,31,5595.77,5,5,5,"555","Champions"
18119,372,1,181.12,1,2,1,"121","Lost"
18120,219,1,111.15,1,2,1,"121","Lost"
18121,154,2,673.1,2,3,3,"233","Others"
18122,13,6,1826.21,5,4,4,"544","Champions"
18123,29,2,589.44,4,3,3,"433","Loyal Customers"
18125,34,5,1141.34,4,4,4,"444","Champions"
18126,65,1,206.83,3,2,1,"321","Others"
18127,24,3,348.73,4,3,2,"432","Loyal Customers"
18129,248,1,112.55,1,2,1,"121","Lost"
18130,13,4,1045.74,5,4,4,"544","Champions"
18133,216,2,715.5,1,3,3,"133","Others"
18135,34,5,681.91,4,4,3,"443","Loyal Customers"
18136,68,4,761.83,3,4,3,"343","Loyal Customers"
18138,300,1,152.65,1,2,1,"121","Lost"
18139,22,8,8393.22,4,5,5,"455","Champions"
18141,365,1,-35.4,1,2,1,"121","Lost"
18142,156,4,1014.9,2,4,4,"244","At Risk"
18143,121,2,1000.16,2,3,4,"234","Others"
18144,12,12,2888.75,5,5,5,"555","Champions"
18145,17,4,2861.55,4,4,5,"445","Champions"
18146,145,2,160.35,2,3,1,"231","Others"
18147,50,2,179.34,3,3,1,"331","Loyal Customers"
18149,55,3,612.08,3,3,3,"333","Loyal Customers"
18150,37,3,566.58,3,3,3,"333","Loyal Customers"
18151,139,2,653.35,2,3,3,"233","Others"
18154,8,2,399.19,5,3,2,"532","Loyal Customers"
18155,80,4,347.82,2,4,2,"242","At Risk"
18156,17,2,734.94,4,3,3,"433","Loyal Customers"
18158,14,3,451.75,5,3,2,"532","Loyal Customers"
18159,306,1,530.15,1,2,3,"123","Lost"
18160,62,2,638.06,3,3,3,"333","Loyal Customers"
18161,15,6,1612.79,5,4,4,"544","Champions"
18164,36,2,394.7,4,3,2,"432","Loyal Customers"
18165,182,1,302.46,2,2,2,"222","Lost"
18167,8,6,1355.51,5,4,4,"544","Champions"
18168,181,9,1133.64,2,5,4,"254","At Risk"
18169,65,1,202.65,3,2,1,"321","Others"
18170,38,3,980.31,3,3,4,"334","Loyal Customers"
18171,63,7,1208.51,3,5,4,"354","Loyal Customers"
18172,19,25,7490.17,4,5,5,"455","Champions"
18173,91,4,2106.84,2,4,5,"245","At Risk"
18174,12,1,104,5,2,1,"521","New Customers"
18176,358,2,448.65,1,3,2,"132","Others"
18177,36,7,1314.17,4,5,4,"454","Champions"
18178,118,6,1573.41,2,4,4,"244","At Risk"
18179,14,6,1793.17,5,4,4,"544","Champions"
18180,9,6,1843.75,5,4,4,"544","Champions"
18181,29,1,382.8,4,2,2,"422","New Customers"
18183,223,6,600.52,1,4,3,"143","At Risk"
18184,20,1,49.8,4,2,1,"421","New Customers"
18185,254,1,304.25,1,2,2,"122","Lost"
18188,20,4,1998.49,4,4,4,"444","Champions"
18189,82,3,1084.34,2,3,4,"234","Others"
18190,197,3,274.51,1,3,2,"132","Others"
18191,266,1,207.8,1,2,1,"121","Lost"
18192,76,1,957.97,2,2,4,"224","Lost"
18193,155,3,212.96,2,3,1,"231","Others"
18194,69,2,896,3,3,3,"333","Loyal Customers"
18196,100,2,689.13,2,3,3,"233","Others"
18198,9,21,5083.06,5,5,5,"555","Champions"
18200,111,1,163.8,2,2,1,"221","Lost"
18202,204,3,1396.99,1,3,4,"134","Others"
18203,162,1,160.42,2,2,1,"221","Lost"
18204,76,4,1979.3,3,4,4,"344","Loyal Customers"
18205,41,2,517.36,3,3,3,"333","Loyal Customers"
18209,33,1,139.1,4,2,1,"421","New Customers"
18210,6,6,2621.38,5,4,5,"545","Champions"
18211,30,5,600.07,4,4,3,"443","Loyal Customers"
18212,331,1,248.42,1,2,2,"122","Lost"
18213,241,1,232.48,1,2,1,"121","Lost"
18215,94,1,299.34,2,2,2,"222","Lost"
18216,36,1,481.75,4,2,3,"423","New Customers"
18217,34,2,621.75,4,3,3,"433","Loyal Customers"
18218,211,4,626.38,1,4,3,"143","At Risk"
18219,7,11,2019.77,5,5,5,"555","Champions"
18220,224,2,297.78,1,3,2,"132","Others"
18221,27,6,1033.31,4,4,4,"444","Champions"
18222,97,1,443,2,2,2,"222","Lost"
18223,6,27,6315.23,5,5,5,"555","Champions"
18224,268,1,158.95,1,2,1,"121","Lost"
18225,8,17,5361.02,5,5,5,"555","Champions"
18226,43,14,5192.1,3,5,5,"355","Loyal Customers"
18227,222,1,93.75,1,2,1,"121","Lost"
18228,55,3,769.2,3,3,3,"333","Loyal Customers"
18229,16,20,7276.9,5,5,5,"555","Champions"
18230,14,10,2716.6,5,5,5,"555","Champions"
18231,197,6,2066.17,1,4,5,"145","At Risk"
18232,86,5,582.47,2,4,3,"243","At Risk"
18233,330,1,440,1,2,2,"122","Lost"
18235,76,3,1796.48,3,3,4,"334","Loyal Customers"
18236,34,6,882.24,4,4,3,"443","Loyal Customers"
18237,7,5,987.1,5,4,4,"544","Champions"
18239,223,5,1561.61,1,4,4,"144","At Risk"
18240,51,1,422.58,3,2,2,"322","Others"
18241,14,18,2058.09,5,5,5,"555","Champions"
18242,77,4,2232.49,2,4,5,"245","At Risk"
18245,12,8,2507.56,5,5,5,"555","Champions"
18246,28,2,596.1,4,3,3,"433","Loyal Customers"
18248,118,4,783.02,2,4,3,"243","At Risk"
18249,22,1,95.34,4,2,1,"421","New Customers"
18250,306,2,342.92,1,3,2,"132","Others"
18251,92,1,4314.72,2,2,5,"225","Lost"
18252,55,2,526.67,3,3,3,"333","Loyal Customers"
18255,94,1,103.3,2,2,1,"221","Lost"
18256,359,1,-50.1,1,2,1,"121","Lost"
18257,44,12,2265.38,3,5,5,"355","Loyal Customers"
18259,29,3,2338.6,4,3,5,"435","Loyal Customers"
18260,177,8,2595,2,5,5,"255","At Risk"
18261,48,2,324.24,3,3,2,"332","Loyal Customers"
18262,145,1,149.48,2,2,1,"221","Lost"
18263,28,4,1211.08,4,4,4,"444","Champions"
18265,77,2,801.51,2,3,3,"233","Others"
18268,139,2,0,2,3,1,"231","Others"
18269,363,2,138.9,1,3,1,"131","Others"
18270,43,3,238.95,3,3,2,"332","Loyal Customers"
18272,7,7,3064.78,5,5,5,"555","Champions"
18273,7,3,204,5,3,1,"531","Loyal Customers"
18274,22,2,0,4,3,1,"431","Loyal Customers"
18276,26,3,323.36,4,3,2,"432","Loyal Customers"
18277,63,2,97.63,3,3,1,"331","Loyal Customers"
18278,78,1,173.9,2,2,1,"221","Lost"
18280,282,1,180.6,1,2,1,"121","Lost"
18281,185,1,80.82,1,2,1,"121","Lost"
18282,12,3,176.6,5,3,1,"531","Loyal Customers"
18283,8,16,2094.88,5,5,5,"555","Champions"
18287,47,3,1837.28,3,3,4,"334","Loyal Customers"
